scenario,T_platform_C,hm_factor,r_cm,X_event,is_pareto,representative
T48_hm1,48,1,0,0.149999999,False,
T48_hm1,48,1,0.02,0.1499963767,False,
T48_hm1,48,1,0.04,0.1499855087,False,
T48_hm1,48,1,0.06,0.1499672999,False,
T48_hm1,48,1,0.08,0.1499417798,False,
T48_hm1,48,1,0.1,0.1499089971,False,
T48_hm1,48,1,0.12,0.1498689417,False,
T48_hm1,48,1,0.14,0.1498216014,False,
T48_hm1,48,1,0.16,0.1497668332,False,
T48_hm1,48,1,0.18,0.1497047266,False,
T48_hm1,48,1,0.2,0.1496352835,False,
T48_hm1,48,1,0.22,0.1495584824,False,
T48_hm1,48,1,0.24,0.1494742846,False,
T48_hm1,48,1,0.26,0.1493825404,False,
T48_hm1,48,1,0.28,0.1492833574,False,
T48_hm1,48,1,0.3,0.1491767038,False,
T48_hm1,48,1,0.32,0.1490625455,False,
T48_hm1,48,1,0.34,0.1489407938,False,
T48_hm1,48,1,0.36,0.1488113563,False,
T48_hm1,48,1,0.38,0.1486742932,False,
T48_hm1,48,1,0.4,0.1485295592,False,
T48_hm1,48,1,0.42,0.1483771056,False,
T48_hm1,48,1,0.44,0.1482167895,False,
T48_hm1,48,1,0.46,0.1480485773,False,
T48_hm1,48,1,0.48,0.1478724789,False,
T48_hm1,48,1,0.5,0.1476884329,False,
T48_hm1,48,1,0.52,0.147496374,False,
T48_hm1,48,1,0.54,0.1472960984,False,
T48_hm1,48,1,0.56,0.1470876342,False,
T48_hm1,48,1,0.58,0.146870936,False,
T48_hm1,48,1,0.6,0.1466459228,False,
T48_hm1,48,1,0.62,0.1464125012,False,
T48_hm1,48,1,0.64,0.146170422,False,
T48_hm1,48,1,0.66,0.1459197542,False,
T48_hm1,48,1,0.68,0.1456603981,False,
T48_hm1,48,1,0.7,0.1453922485,False,
T48_hm1,48,1,0.72,0.1451151422,False,
T48_hm1,48,1,0.74,0.1448288804,False,
T48_hm1,48,1,0.76,0.1445334708,False,
T48_hm1,48,1,0.78,0.1442287839,False,
T48_hm1,48,1,0.8,0.1439146839,False,
T48_hm1,48,1,0.82,0.1435909232,False,
T48_hm1,48,1,0.84,0.1432573559,False,
T48_hm1,48,1,0.86,0.1429139157,False,
T48_hm1,48,1,0.88,0.1425604345,False,
T48_hm1,48,1,0.9,0.1421967353,False,
T48_hm1,48,1,0.92,0.1418224658,False,
T48_hm1,48,1,0.94,0.1414375354,False,
T48_hm1,48,1,0.96,0.1410417859,False,
T48_hm1,48,1,0.98,0.1406349964,False,
T48_hm1,48,1,1,0.1402169334,False,
T48_hm1,48,1,1.02,0.1397871089,False,
T48_hm1,48,1,1.04,0.1393454914,False,
T48_hm1,48,1,1.06,0.1388918026,False,
T48_hm1,48,1,1.08,0.138425747,False,
T48_hm1,48,1,1.1,0.1379469477,False,
T48_hm1,48,1,1.12,0.1374549229,False,
T48_hm1,48,1,1.14,0.1369495146,False,
T48_hm1,48,1,1.16,0.1364303431,False,
T48_hm1,48,1,1.18,0.1358970033,False,
T48_hm1,48,1,1.2,0.1353489155,False,
T48_hm1,48,1,1.22,0.1347855879,False,
T48_hm1,48,1,1.24,0.1342066792,False,
T48_hm1,48,1,1.26,0.1336116545,False,
T48_hm1,48,1,1.28,0.1329999389,False,
T48_hm1,48,1,1.3,0.1323706508,False,
T48_hm1,48,1,1.32,0.1317232556,False,
T48_hm1,48,1,1.34,0.131057129,False,
T48_hm1,48,1,1.36,0.1303714844,False,
T48_hm1,48,1,1.38,0.1296654675,False,
T48_hm1,48,1,1.4,0.1289377137,False,
T48_hm1,48,1,1.42,0.1281875782,False,
T48_hm1,48,1,1.44,0.1274139638,False,
T48_hm1,48,1,1.46,0.1266156428,False,
T48_hm1,48,1,1.48,0.1257911548,False,
T48_hm1,48,1,1.5,0.1249386165,False,
T48_hm1,48,1,1.52,0.1240567907,False,
T48_hm1,48,1,1.54,0.1231438152,False,
T48_hm1,48,1,1.56,0.1221976045,False,
T48_hm1,48,1,1.58,0.1212154775,False,
T48_hm1,48,1,1.6,0.1201945857,False,
T48_hm1,48,1,1.62,0.1191323048,False,
T48_hm1,48,1,1.64,0.1180251504,False,
T48_hm1,48,1,1.66,0.1168691023,False,
T48_hm1,48,1,1.68,0.1156586835,False,
T48_hm1,48,1,1.7,0.1143886068,False,
T48_hm1,48,1,1.72,0.1130526785,False,
T48_hm1,48,1,1.74,0.111643032,False,
T48_hm1,48,1,1.76,0.1101501108,False,
T48_hm1,48,1,1.78,0.1085601152,False,
T48_hm1,48,1,1.8,0.1068593923,False,
T48_hm1,48,1,1.82,0.1050289048,False,
T48_hm1,48,1,1.84,0.1030433571,False,
T48_hm1,48,1,1.86,0.1008677357,False,
T48_hm1,48,1,1.88,0.09844864798,False,
T48_hm1,48,1,1.9,0.09571587815,False,
T48_hm1,48,1,1.92,0.09255183756,False,
T48_hm1,48,1,1.94,0.08874879517,False,
T48_hm1,48,1,1.96,0.08386099535,False,
T48_hm1,48,1,1.98,0.07656320991,False,
T48_hm1,48,1,2,0.05232898199,False,
T48.25_hm1,48.25,1,0,0.1500000008,False,
T48.25_hm1,48.25,1,0.02,0.1499963785,False,
T48.25_hm1,48.25,1,0.04,0.1499855105,False,
T48.25_hm1,48.25,1,0.06,0.1499673016,False,
T48.25_hm1,48.25,1,0.08,0.1499417815,False,
T48.25_hm1,48.25,1,0.1,0.1499089988,False,
T48.25_hm1,48.25,1,0.12,0.1498689434,False,
T48.25_hm1,48.25,1,0.14,0.1498216031,False,
T48.25_hm1,48.25,1,0.16,0.149766835,False,
T48.25_hm1,48.25,1,0.18,0.1497047283,False,
T48.25_hm1,48.25,1,0.2,0.1496352853,False,
T48.25_hm1,48.25,1,0.22,0.1495584841,False,
T48.25_hm1,48.25,1,0.24,0.1494742864,False,
T48.25_hm1,48.25,1,0.26,0.1493825422,False,
T48.25_hm1,48.25,1,0.28,0.1492833591,False,
T48.25_hm1,48.25,1,0.3,0.1491767056,False,
T48.25_hm1,48.25,1,0.32,0.1490625473,False,
T48.25_hm1,48.25,1,0.34,0.1489407956,False,
T48.25_hm1,48.25,1,0.36,0.1488113581,False,
T48.25_hm1,48.25,1,0.38,0.148674295,False,
T48.25_hm1,48.25,1,0.4,0.1485295609,False,
T48.25_hm1,48.25,1,0.42,0.1483771074,False,
T48.25_hm1,48.25,1,0.44,0.1482167913,False,
T48.25_hm1,48.25,1,0.46,0.1480485791,False,
T48.25_hm1,48.25,1,0.48,0.1478724807,False,
T48.25_hm1,48.25,1,0.5,0.1476884347,False,
T48.25_hm1,48.25,1,0.52,0.1474963758,False,
T48.25_hm1,48.25,1,0.54,0.1472961002,False,
T48.25_hm1,48.25,1,0.56,0.147087636,False,
T48.25_hm1,48.25,1,0.58,0.1468709378,False,
T48.25_hm1,48.25,1,0.6,0.1466459247,False,
T48.25_hm1,48.25,1,0.62,0.146412503,False,
T48.25_hm1,48.25,1,0.64,0.1461704238,False,
T48.25_hm1,48.25,1,0.66,0.1459197561,False,
T48.25_hm1,48.25,1,0.68,0.1456604,False,
T48.25_hm1,48.25,1,0.7,0.1453922504,False,
T48.25_hm1,48.25,1,0.72,0.145115144,False,
T48.25_hm1,48.25,1,0.74,0.1448288823,False,
T48.25_hm1,48.25,1,0.76,0.1445334727,False,
T48.25_hm1,48.25,1,0.78,0.1442287858,False,
T48.25_hm1,48.25,1,0.8,0.1439146858,False,
T48.25_hm1,48.25,1,0.82,0.1435909251,False,
T48.25_hm1,48.25,1,0.84,0.1432573578,False,
T48.25_hm1,48.25,1,0.86,0.1429139176,False,
T48.25_hm1,48.25,1,0.88,0.1425604365,False,
T48.25_hm1,48.25,1,0.9,0.1421967373,False,
T48.25_hm1,48.25,1,0.92,0.1418224679,False,
T48.25_hm1,48.25,1,0.94,0.1414375375,False,
T48.25_hm1,48.25,1,0.96,0.141041788,False,
T48.25_hm1,48.25,1,0.98,0.1406349985,False,
T48.25_hm1,48.25,1,1,0.1402169356,False,
T48.25_hm1,48.25,1,1.02,0.1397871111,False,
T48.25_hm1,48.25,1,1.04,0.1393454937,False,
T48.25_hm1,48.25,1,1.06,0.1388918049,False,
T48.25_hm1,48.25,1,1.08,0.1384257494,False,
T48.25_hm1,48.25,1,1.1,0.1379469501,False,
T48.25_hm1,48.25,1,1.12,0.1374549254,False,
T48.25_hm1,48.25,1,1.14,0.1369495172,False,
T48.25_hm1,48.25,1,1.16,0.1364303457,False,
T48.25_hm1,48.25,1,1.18,0.1358970059,False,
T48.25_hm1,48.25,1,1.2,0.1353489183,False,
T48.25_hm1,48.25,1,1.22,0.1347855908,False,
T48.25_hm1,48.25,1,1.24,0.1342066822,False,
T48.25_hm1,48.25,1,1.26,0.1336116576,False,
T48.25_hm1,48.25,1,1.28,0.1329999422,False,
T48.25_hm1,48.25,1,1.3,0.1323706542,False,
T48.25_hm1,48.25,1,1.32,0.1317232591,False,
T48.25_hm1,48.25,1,1.34,0.1310571327,False,
T48.25_hm1,48.25,1,1.36,0.1303714883,False,
T48.25_hm1,48.25,1,1.38,0.1296654716,False,
T48.25_hm1,48.25,1,1.4,0.128937718,False,
T48.25_hm1,48.25,1,1.42,0.1281875827,False,
T48.25_hm1,48.25,1,1.44,0.1274139687,False,
T48.25_hm1,48.25,1,1.46,0.126615648,False,
T48.25_hm1,48.25,1,1.48,0.1257911604,False,
T48.25_hm1,48.25,1,1.5,0.1249386224,False,
T48.25_hm1,48.25,1,1.52,0.1240567971,False,
T48.25_hm1,48.25,1,1.54,0.123143822,False,
T48.25_hm1,48.25,1,1.56,0.1221976119,False,
T48.25_hm1,48.25,1,1.58,0.1212154854,False,
T48.25_hm1,48.25,1,1.6,0.1201945943,False,
T48.25_hm1,48.25,1,1.62,0.1191323142,False,
T48.25_hm1,48.25,1,1.64,0.1180251606,False,
T48.25_hm1,48.25,1,1.66,0.1168691135,False,
T48.25_hm1,48.25,1,1.68,0.1156586958,False,
T48.25_hm1,48.25,1,1.7,0.1143886204,False,
T48.25_hm1,48.25,1,1.72,0.1130526936,False,
T48.25_hm1,48.25,1,1.74,0.1116430488,False,
T48.25_hm1,48.25,1,1.76,0.1101501297,False,
T48.25_hm1,48.25,1,1.78,0.1085601365,False,
T48.25_hm1,48.25,1,1.8,0.1068594165,False,
T48.25_hm1,48.25,1,1.82,0.1050289325,False,
T48.25_hm1,48.25,1,1.84,0.1030433892,False,
T48.25_hm1,48.25,1,1.86,0.1008677734,False,
T48.25_hm1,48.25,1,1.88,0.09844869299,False,
T48.25_hm1,48.25,1,1.9,0.09571593314,False,
T48.25_hm1,48.25,1,1.92,0.09255190699,False,
T48.25_hm1,48.25,1,1.94,0.08874888736,False,
T48.25_hm1,48.25,1,1.96,0.0838611297,False,
T48.25_hm1,48.25,1,1.98,0.07656345851,False,
T48.25_hm1,48.25,1,2,0.05235211276,False,
T48.5_hm1,48.5,1,0,0.1500000008,False,
T48.5_hm1,48.5,1,0.02,0.1499963785,False,
T48.5_hm1,48.5,1,0.04,0.1499855105,False,
T48.5_hm1,48.5,1,0.06,0.1499673017,False,
T48.5_hm1,48.5,1,0.08,0.1499417816,False,
T48.5_hm1,48.5,1,0.1,0.1499089988,False,
T48.5_hm1,48.5,1,0.12,0.1498689435,False,
T48.5_hm1,48.5,1,0.14,0.1498216032,False,
T48.5_hm1,48.5,1,0.16,0.149766835,False,
T48.5_hm1,48.5,1,0.18,0.1497047284,False,
T48.5_hm1,48.5,1,0.2,0.1496352853,False,
T48.5_hm1,48.5,1,0.22,0.1495584842,False,
T48.5_hm1,48.5,1,0.24,0.1494742865,False,
T48.5_hm1,48.5,1,0.26,0.1493825423,False,
T48.5_hm1,48.5,1,0.28,0.1492833592,False,
T48.5_hm1,48.5,1,0.3,0.1491767057,False,
T48.5_hm1,48.5,1,0.32,0.1490625474,False,
T48.5_hm1,48.5,1,0.34,0.1489407957,False,
T48.5_hm1,48.5,1,0.36,0.1488113582,False,
T48.5_hm1,48.5,1,0.38,0.1486742952,False,
T48.5_hm1,48.5,1,0.4,0.1485295611,False,
T48.5_hm1,48.5,1,0.42,0.1483771076,False,
T48.5_hm1,48.5,1,0.44,0.1482167915,False,
T48.5_hm1,48.5,1,0.46,0.1480485793,False,
T48.5_hm1,48.5,1,0.48,0.1478724809,False,
T48.5_hm1,48.5,1,0.5,0.1476884349,False,
T48.5_hm1,48.5,1,0.52,0.1474963761,False,
T48.5_hm1,48.5,1,0.54,0.1472961005,False,
T48.5_hm1,48.5,1,0.56,0.1470876363,False,
T48.5_hm1,48.5,1,0.58,0.1468709381,False,
T48.5_hm1,48.5,1,0.6,0.146645925,False,
T48.5_hm1,48.5,1,0.62,0.1464125034,False,
T48.5_hm1,48.5,1,0.64,0.1461704242,False,
T48.5_hm1,48.5,1,0.66,0.1459197565,False,
T48.5_hm1,48.5,1,0.68,0.1456604004,False,
T48.5_hm1,48.5,1,0.7,0.1453922509,False,
T48.5_hm1,48.5,1,0.72,0.1451151446,False,
T48.5_hm1,48.5,1,0.74,0.1448288829,False,
T48.5_hm1,48.5,1,0.76,0.1445334733,False,
T48.5_hm1,48.5,1,0.78,0.1442287865,False,
T48.5_hm1,48.5,1,0.8,0.1439146865,False,
T48.5_hm1,48.5,1,0.82,0.1435909259,False,
T48.5_hm1,48.5,1,0.84,0.1432573586,False,
T48.5_hm1,48.5,1,0.86,0.1429139184,False,
T48.5_hm1,48.5,1,0.88,0.1425604374,False,
T48.5_hm1,48.5,1,0.9,0.1421967382,False,
T48.5_hm1,48.5,1,0.92,0.1418224688,False,
T48.5_hm1,48.5,1,0.94,0.1414375385,False,
T48.5_hm1,48.5,1,0.96,0.141041789,False,
T48.5_hm1,48.5,1,0.98,0.1406349996,False,
T48.5_hm1,48.5,1,1,0.1402169368,False,
T48.5_hm1,48.5,1,1.02,0.1397871124,False,
T48.5_hm1,48.5,1,1.04,0.139345495,False,
T48.5_hm1,48.5,1,1.06,0.1388918063,False,
T48.5_hm1,48.5,1,1.08,0.1384257509,False,
T48.5_hm1,48.5,1,1.1,0.1379469517,False,
T48.5_hm1,48.5,1,1.12,0.1374549271,False,
T48.5_hm1,48.5,1,1.14,0.1369495189,False,
T48.5_hm1,48.5,1,1.16,0.1364303476,False,
T48.5_hm1,48.5,1,1.18,0.135897008,False,
T48.5_hm1,48.5,1,1.2,0.1353489204,False,
T48.5_hm1,48.5,1,1.22,0.1347855931,False,
T48.5_hm1,48.5,1,1.24,0.1342066846,False,
T48.5_hm1,48.5,1,1.26,0.1336116602,False,
T48.5_hm1,48.5,1,1.28,0.132999945,False,
T48.5_hm1,48.5,1,1.3,0.1323706571,False,
T48.5_hm1,48.5,1,1.32,0.1317232623,False,
T48.5_hm1,48.5,1,1.34,0.1310571361,False,
T48.5_hm1,48.5,1,1.36,0.1303714919,False,
T48.5_hm1,48.5,1,1.38,0.1296654755,False,
T48.5_hm1,48.5,1,1.4,0.1289377222,False,
T48.5_hm1,48.5,1,1.42,0.1281875872,False,
T48.5_hm1,48.5,1,1.44,0.1274139735,False,
T48.5_hm1,48.5,1,1.46,0.1266156532,False,
T48.5_hm1,48.5,1,1.48,0.125791166,False,
T48.5_hm1,48.5,1,1.5,0.1249386285,False,
T48.5_hm1,48.5,1,1.52,0.1240568036,False,
T48.5_hm1,48.5,1,1.54,0.1231438291,False,
T48.5_hm1,48.5,1,1.56,0.1221976196,False,
T48.5_hm1,48.5,1,1.58,0.1212154938,False,
T48.5_hm1,48.5,1,1.6,0.1201946034,False,
T48.5_hm1,48.5,1,1.62,0.1191323242,False,
T48.5_hm1,48.5,1,1.64,0.1180251715,False,
T48.5_hm1,48.5,1,1.66,0.1168691255,False,
T48.5_hm1,48.5,1,1.68,0.115658709,False,
T48.5_hm1,48.5,1,1.7,0.114388635,False,
T48.5_hm1,48.5,1,1.72,0.1130527099,False,
T48.5_hm1,48.5,1,1.74,0.1116430669,False,
T48.5_hm1,48.5,1,1.76,0.11015015,False,
T48.5_hm1,48.5,1,1.78,0.1085601593,False,
T48.5_hm1,48.5,1,1.8,0.1068594424,False,
T48.5_hm1,48.5,1,1.82,0.1050289622,False,
T48.5_hm1,48.5,1,1.84,0.1030434235,False,
T48.5_hm1,48.5,1,1.86,0.1008678136,False,
T48.5_hm1,48.5,1,1.88,0.09844874092,False,
T48.5_hm1,48.5,1,1.9,0.09571599158,False,
T48.5_hm1,48.5,1,1.92,0.09255198056,False,
T48.5_hm1,48.5,1,1.94,0.08874898477,False,
T48.5_hm1,48.5,1,1.96,0.08386127119,False,
T48.5_hm1,48.5,1,1.98,0.07656371934,False,
T48.5_hm1,48.5,1,2,0.05237542385,False,
T48.75_hm1,48.75,1,0,0.1500000001,False,
T48.75_hm1,48.75,1,0.02,0.1499963778,False,
T48.75_hm1,48.75,1,0.04,0.1499855098,False,
T48.75_hm1,48.75,1,0.06,0.149967301,False,
T48.75_hm1,48.75,1,0.08,0.1499417808,False,
T48.75_hm1,48.75,1,0.1,0.1499089981,False,
T48.75_hm1,48.75,1,0.12,0.1498689428,False,
T48.75_hm1,48.75,1,0.14,0.1498216025,False,
T48.75_hm1,48.75,1,0.16,0.1497668343,False,
T48.75_hm1,48.75,1,0.18,0.1497047277,False,
T48.75_hm1,48.75,1,0.2,0.1496352847,False,
T48.75_hm1,48.75,1,0.22,0.1495584835,False,
T48.75_hm1,48.75,1,0.24,0.1494742858,False,
T48.75_hm1,48.75,1,0.26,0.1493825416,False,
T48.75_hm1,48.75,1,0.28,0.1492833586,False,
T48.75_hm1,48.75,1,0.3,0.1491767051,False,
T48.75_hm1,48.75,1,0.32,0.1490625468,False,
T48.75_hm1,48.75,1,0.34,0.1489407952,False,
T48.75_hm1,48.75,1,0.36,0.1488113577,False,
T48.75_hm1,48.75,1,0.38,0.1486742946,False,
T48.75_hm1,48.75,1,0.4,0.1485295606,False,
T48.75_hm1,48.75,1,0.42,0.1483771071,False,
T48.75_hm1,48.75,1,0.44,0.148216791,False,
T48.75_hm1,48.75,1,0.46,0.1480485789,False,
T48.75_hm1,48.75,1,0.48,0.1478724806,False,
T48.75_hm1,48.75,1,0.5,0.1476884346,False,
T48.75_hm1,48.75,1,0.52,0.1474963757,False,
T48.75_hm1,48.75,1,0.54,0.1472961002,False,
T48.75_hm1,48.75,1,0.56,0.1470876361,False,
T48.75_hm1,48.75,1,0.58,0.1468709379,False,
T48.75_hm1,48.75,1,0.6,0.1466459248,False,
T48.75_hm1,48.75,1,0.62,0.1464125032,False,
T48.75_hm1,48.75,1,0.64,0.1461704241,False,
T48.75_hm1,48.75,1,0.66,0.1459197565,False,
T48.75_hm1,48.75,1,0.68,0.1456604004,False,
T48.75_hm1,48.75,1,0.7,0.1453922509,False,
T48.75_hm1,48.75,1,0.72,0.1451151446,False,
T48.75_hm1,48.75,1,0.74,0.144828883,False,
T48.75_hm1,48.75,1,0.76,0.1445334734,False,
T48.75_hm1,48.75,1,0.78,0.1442287867,False,
T48.75_hm1,48.75,1,0.8,0.1439146868,False,
T48.75_hm1,48.75,1,0.82,0.1435909262,False,
T48.75_hm1,48.75,1,0.84,0.143257359,False,
T48.75_hm1,48.75,1,0.86,0.1429139189,False,
T48.75_hm1,48.75,1,0.88,0.1425604379,False,
T48.75_hm1,48.75,1,0.9,0.1421967388,False,
T48.75_hm1,48.75,1,0.92,0.1418224695,False,
T48.75_hm1,48.75,1,0.94,0.1414375393,False,
T48.75_hm1,48.75,1,0.96,0.1410417899,False,
T48.75_hm1,48.75,1,0.98,0.1406350006,False,
T48.75_hm1,48.75,1,1,0.1402169378,False,
T48.75_hm1,48.75,1,1.02,0.1397871136,False,
T48.75_hm1,48.75,1,1.04,0.1393454963,False,
T48.75_hm1,48.75,1,1.06,0.1388918077,False,
T48.75_hm1,48.75,1,1.08,0.1384257524,False,
T48.75_hm1,48.75,1,1.1,0.1379469533,False,
T48.75_hm1,48.75,1,1.12,0.1374549288,False,
T48.75_hm1,48.75,1,1.14,0.1369495208,False,
T48.75_hm1,48.75,1,1.16,0.1364303497,False,
T48.75_hm1,48.75,1,1.18,0.1358970102,False,
T48.75_hm1,48.75,1,1.2,0.1353489228,False,
T48.75_hm1,48.75,1,1.22,0.1347855956,False,
T48.75_hm1,48.75,1,1.24,0.1342066873,False,
T48.75_hm1,48.75,1,1.26,0.1336116631,False,
T48.75_hm1,48.75,1,1.28,0.1329999481,False,
T48.75_hm1,48.75,1,1.3,0.1323706605,False,
T48.75_hm1,48.75,1,1.32,0.1317232659,False,
T48.75_hm1,48.75,1,1.34,0.1310571399,False,
T48.75_hm1,48.75,1,1.36,0.1303714961,False,
T48.75_hm1,48.75,1,1.38,0.1296654799,False,
T48.75_hm1,48.75,1,1.4,0.128937727,False,
T48.75_hm1,48.75,1,1.42,0.1281875924,False,
T48.75_hm1,48.75,1,1.44,0.127413979,False,
T48.75_hm1,48.75,1,1.46,0.1266156592,False,
T48.75_hm1,48.75,1,1.48,0.1257911724,False,
T48.75_hm1,48.75,1,1.5,0.1249386354,False,
T48.75_hm1,48.75,1,1.52,0.1240568111,False,
T48.75_hm1,48.75,1,1.54,0.1231438371,False,
T48.75_hm1,48.75,1,1.56,0.1221976283,False,
T48.75_hm1,48.75,1,1.58,0.1212155033,False,
T48.75_hm1,48.75,1,1.6,0.1201946137,False,
T48.75_hm1,48.75,1,1.62,0.1191323354,False,
T48.75_hm1,48.75,1,1.64,0.1180251838,False,
T48.75_hm1,48.75,1,1.66,0.116869139,False,
T48.75_hm1,48.75,1,1.68,0.1156587238,False,
T48.75_hm1,48.75,1,1.7,0.1143886512,False,
T48.75_hm1,48.75,1,1.72,0.1130527278,False,
T48.75_hm1,48.75,1,1.74,0.1116430868,False,
T48.75_hm1,48.75,1,1.76,0.1101501723,False,
T48.75_hm1,48.75,1,1.78,0.1085601843,False,
T48.75_hm1,48.75,1,1.8,0.1068594707,False,
T48.75_hm1,48.75,1,1.82,0.1050289945,False,
T48.75_hm1,48.75,1,1.84,0.1030434607,False,
T48.75_hm1,48.75,1,1.86,0.1008678569,False,
T48.75_hm1,48.75,1,1.88,0.09844879234,False,
T48.75_hm1,48.75,1,1.9,0.09571605399,False,
T48.75_hm1,48.75,1,1.92,0.0925520588,False,
T48.75_hm1,48.75,1,1.94,0.08874908791,False,
T48.75_hm1,48.75,1,1.96,0.08386142033,False,
T48.75_hm1,48.75,1,1.98,0.07656399296,False,
T48.75_hm1,48.75,1,2,0.05239891642,False,
T49_hm1,49,1,0,0.1500000005,False,
T49_hm1,49,1,0.02,0.1499963782,False,
T49_hm1,49,1,0.04,0.1499855103,False,
T49_hm1,49,1,0.06,0.1499673014,False,
T49_hm1,49,1,0.08,0.1499417813,False,
T49_hm1,49,1,0.1,0.1499089986,False,
T49_hm1,49,1,0.12,0.1498689433,False,
T49_hm1,49,1,0.14,0.149821603,False,
T49_hm1,49,1,0.16,0.1497668348,False,
T49_hm1,49,1,0.18,0.1497047282,False,
T49_hm1,49,1,0.2,0.1496352852,False,
T49_hm1,49,1,0.22,0.1495584841,False,
T49_hm1,49,1,0.24,0.1494742864,False,
T49_hm1,49,1,0.26,0.1493825422,False,
T49_hm1,49,1,0.28,0.1492833592,False,
T49_hm1,49,1,0.3,0.1491767057,False,
T49_hm1,49,1,0.32,0.1490625475,False,
T49_hm1,49,1,0.34,0.1489407958,False,
T49_hm1,49,1,0.36,0.1488113584,False,
T49_hm1,49,1,0.38,0.1486742954,False,
T49_hm1,49,1,0.4,0.1485295614,False,
T49_hm1,49,1,0.42,0.1483771079,False,
T49_hm1,49,1,0.44,0.1482167919,False,
T49_hm1,49,1,0.46,0.1480485797,False,
T49_hm1,49,1,0.48,0.1478724814,False,
T49_hm1,49,1,0.5,0.1476884355,False,
T49_hm1,49,1,0.52,0.1474963767,False,
T49_hm1,49,1,0.54,0.1472961012,False,
T49_hm1,49,1,0.56,0.1470876371,False,
T49_hm1,49,1,0.58,0.146870939,False,
T49_hm1,49,1,0.6,0.146645926,False,
T49_hm1,49,1,0.62,0.1464125044,False,
T49_hm1,49,1,0.64,0.1461704254,False,
T49_hm1,49,1,0.66,0.1459197578,False,
T49_hm1,49,1,0.68,0.1456604018,False,
T49_hm1,49,1,0.7,0.1453922524,False,
T49_hm1,49,1,0.72,0.1451151461,False,
T49_hm1,49,1,0.74,0.1448288845,False,
T49_hm1,49,1,0.76,0.1445334751,False,
T49_hm1,49,1,0.78,0.1442287884,False,
T49_hm1,49,1,0.8,0.1439146885,False,
T49_hm1,49,1,0.82,0.1435909281,False,
T49_hm1,49,1,0.84,0.1432573609,False,
T49_hm1,49,1,0.86,0.1429139209,False,
T49_hm1,49,1,0.88,0.14256044,False,
T49_hm1,49,1,0.9,0.142196741,False,
T49_hm1,49,1,0.92,0.1418224718,False,
T49_hm1,49,1,0.94,0.1414375417,False,
T49_hm1,49,1,0.96,0.1410417924,False,
T49_hm1,49,1,0.98,0.1406350032,False,
T49_hm1,49,1,1,0.1402169405,False,
T49_hm1,49,1,1.02,0.1397871164,False,
T49_hm1,49,1,1.04,0.1393454992,False,
T49_hm1,49,1,1.06,0.1388918108,False,
T49_hm1,49,1,1.08,0.1384257556,False,
T49_hm1,49,1,1.1,0.1379469566,False,
T49_hm1,49,1,1.12,0.1374549323,False,
T49_hm1,49,1,1.14,0.1369495245,False,
T49_hm1,49,1,1.16,0.1364303535,False,
T49_hm1,49,1,1.18,0.1358970142,False,
T49_hm1,49,1,1.2,0.135348927,False,
T49_hm1,49,1,1.22,0.1347856,False,
T49_hm1,49,1,1.24,0.1342066919,False,
T49_hm1,49,1,1.26,0.1336116679,False,
T49_hm1,49,1,1.28,0.1329999531,False,
T49_hm1,49,1,1.3,0.1323706658,False,
T49_hm1,49,1,1.32,0.1317232715,False,
T49_hm1,49,1,1.34,0.1310571458,False,
T49_hm1,49,1,1.36,0.1303715023,False,
T49_hm1,49,1,1.38,0.1296654865,False,
T49_hm1,49,1,1.4,0.1289377339,False,
T49_hm1,49,1,1.42,0.1281875996,False,
T49_hm1,49,1,1.44,0.1274139867,False,
T49_hm1,49,1,1.46,0.1266156673,False,
T49_hm1,49,1,1.48,0.125791181,False,
T49_hm1,49,1,1.5,0.1249386446,False,
T49_hm1,49,1,1.52,0.1240568209,False,
T49_hm1,49,1,1.54,0.1231438476,False,
T49_hm1,49,1,1.56,0.1221976395,False,
T49_hm1,49,1,1.58,0.1212155152,False,
T49_hm1,49,1,1.6,0.1201946266,False,
T49_hm1,49,1,1.62,0.1191323493,False,
T49_hm1,49,1,1.64,0.1180251987,False,
T49_hm1,49,1,1.66,0.1168691551,False,
T49_hm1,49,1,1.68,0.1156587413,False,
T49_hm1,49,1,1.7,0.1143886704,False,
T49_hm1,49,1,1.72,0.1130527488,False,
T49_hm1,49,1,1.74,0.1116431099,False,
T49_hm1,49,1,1.76,0.1101501977,False,
T49_hm1,49,1,1.78,0.1085602127,False,
T49_hm1,49,1,1.8,0.1068595025,False,
T49_hm1,49,1,1.82,0.1050290304,False,
T49_hm1,49,1,1.84,0.1030435017,False,
T49_hm1,49,1,1.86,0.1008679044,False,
T49_hm1,49,1,1.88,0.09844884824,False,
T49_hm1,49,1,1.9,0.09571612134,False,
T49_hm1,49,1,1.92,0.09255214264,False,
T49_hm1,49,1,1.94,0.08874919767,False,
T49_hm1,49,1,1.96,0.08386157799,False,
T49_hm1,49,1,1.98,0.07656428024,False,
T49_hm1,49,1,2,0.05242259173,False,
T49.25_hm1,49.25,1,0,0.1500000006,False,
T49.25_hm1,49.25,1,0.02,0.1499963783,False,
T49.25_hm1,49.25,1,0.04,0.1499855104,False,
T49.25_hm1,49.25,1,0.06,0.1499673015,False,
T49.25_hm1,49.25,1,0.08,0.1499417814,False,
T49.25_hm1,49.25,1,0.1,0.1499089987,False,
T49.25_hm1,49.25,1,0.12,0.1498689434,False,
T49.25_hm1,49.25,1,0.14,0.1498216031,False,
T49.25_hm1,49.25,1,0.16,0.149766835,False,
T49.25_hm1,49.25,1,0.18,0.1497047284,False,
T49.25_hm1,49.25,1,0.2,0.1496352854,False,
T49.25_hm1,49.25,1,0.22,0.1495584843,False,
T49.25_hm1,49.25,1,0.24,0.1494742866,False,
T49.25_hm1,49.25,1,0.26,0.1493825425,False,
T49.25_hm1,49.25,1,0.28,0.1492833595,False,
T49.25_hm1,49.25,1,0.3,0.1491767061,False,
T49.25_hm1,49.25,1,0.32,0.1490625479,False,
T49.25_hm1,49.25,1,0.34,0.1489407963,False,
T49.25_hm1,49.25,1,0.36,0.1488113588,False,
T49.25_hm1,49.25,1,0.38,0.1486742958,False,
T49.25_hm1,49.25,1,0.4,0.1485295619,False,
T49.25_hm1,49.25,1,0.42,0.1483771084,False,
T49.25_hm1,49.25,1,0.44,0.1482167925,False,
T49.25_hm1,49.25,1,0.46,0.1480485804,False,
T49.25_hm1,49.25,1,0.48,0.1478724821,False,
T49.25_hm1,49.25,1,0.5,0.1476884362,False,
T49.25_hm1,49.25,1,0.52,0.1474963775,False,
T49.25_hm1,49.25,1,0.54,0.1472961021,False,
T49.25_hm1,49.25,1,0.56,0.147087638,False,
T49.25_hm1,49.25,1,0.58,0.14687094,False,
T49.25_hm1,49.25,1,0.6,0.146645927,False,
T49.25_hm1,49.25,1,0.62,0.1464125055,False,
T49.25_hm1,49.25,1,0.64,0.1461704265,False,
T49.25_hm1,49.25,1,0.66,0.145919759,False,
T49.25_hm1,49.25,1,0.68,0.1456604031,False,
T49.25_hm1,49.25,1,0.7,0.1453922538,False,
T49.25_hm1,49.25,1,0.72,0.1451151476,False,
T49.25_hm1,49.25,1,0.74,0.1448288861,False,
T49.25_hm1,49.25,1,0.76,0.1445334767,False,
T49.25_hm1,49.25,1,0.78,0.1442287902,False,
T49.25_hm1,49.25,1,0.8,0.1439146904,False,
T49.25_hm1,49.25,1,0.82,0.14359093,False,
T49.25_hm1,49.25,1,0.84,0.143257363,False,
T49.25_hm1,49.25,1,0.86,0.1429139231,False,
T49.25_hm1,49.25,1,0.88,0.1425604423,False,
T49.25_hm1,49.25,1,0.9,0.1421967434,False,
T49.25_hm1,49.25,1,0.92,0.1418224743,False,
T49.25_hm1,49.25,1,0.94,0.1414375443,False,
T49.25_hm1,49.25,1,0.96,0.1410417951,False,
T49.25_hm1,49.25,1,0.98,0.140635006,False,
T49.25_hm1,49.25,1,1,0.1402169435,False,
T49.25_hm1,49.25,1,1.02,0.1397871195,False,
T49.25_hm1,49.25,1,1.04,0.1393455025,False,
T49.25_hm1,49.25,1,1.06,0.1388918142,False,
T49.25_hm1,49.25,1,1.08,0.1384257592,False,
T49.25_hm1,49.25,1,1.1,0.1379469604,False,
T49.25_hm1,49.25,1,1.12,0.1374549363,False,
T49.25_hm1,49.25,1,1.14,0.1369495286,False,
T49.25_hm1,49.25,1,1.16,0.1364303578,False,
T49.25_hm1,49.25,1,1.18,0.1358970187,False,
T49.25_hm1,49.25,1,1.2,0.1353489317,False,
T49.25_hm1,49.25,1,1.22,0.134785605,False,
T49.25_hm1,49.25,1,1.24,0.1342066972,False,
T49.25_hm1,49.25,1,1.26,0.1336116734,False,
T49.25_hm1,49.25,1,1.28,0.1329999589,False,
T49.25_hm1,49.25,1,1.3,0.1323706719,False,
T49.25_hm1,49.25,1,1.32,0.1317232779,False,
T49.25_hm1,49.25,1,1.34,0.1310571526,False,
T49.25_hm1,49.25,1,1.36,0.1303715094,False,
T49.25_hm1,49.25,1,1.38,0.1296654939,False,
T49.25_hm1,49.25,1,1.4,0.1289377418,False,
T49.25_hm1,49.25,1,1.42,0.128187608,False,
T49.25_hm1,49.25,1,1.44,0.1274139955,False,
T49.25_hm1,49.25,1,1.46,0.1266156766,False,
T49.25_hm1,49.25,1,1.48,0.1257911909,False,
T49.25_hm1,49.25,1,1.5,0.1249386551,False,
T49.25_hm1,49.25,1,1.52,0.124056832,False,
T49.25_hm1,49.25,1,1.54,0.1231438594,False,
T49.25_hm1,49.25,1,1.56,0.1221976521,False,
T49.25_hm1,49.25,1,1.58,0.1212155287,False,
T49.25_hm1,49.25,1,1.6,0.120194641,False,
T49.25_hm1,49.25,1,1.62,0.1191323648,False,
T49.25_hm1,49.25,1,1.64,0.1180252154,False,
T49.25_hm1,49.25,1,1.66,0.1168691731,False,
T49.25_hm1,49.25,1,1.68,0.1156587608,False,
T49.25_hm1,49.25,1,1.7,0.1143886915,False,
T49.25_hm1,49.25,1,1.72,0.1130527719,False,
T49.25_hm1,49.25,1,1.74,0.1116431352,False,
T49.25_hm1,49.25,1,1.76,0.1101502256,False,
T49.25_hm1,49.25,1,1.78,0.1085602436,False,
T49.25_hm1,49.25,1,1.8,0.106859537,False,
T49.25_hm1,49.25,1,1.82,0.1050290692,False,
T49.25_hm1,49.25,1,1.84,0.1030435459,False,
T49.25_hm1,49.25,1,1.86,0.1008679553,False,
T49.25_hm1,49.25,1,1.88,0.09844890799,False,
T49.25_hm1,49.25,1,1.9,0.09571619306,False,
T49.25_hm1,49.25,1,1.92,0.09255223155,False,
T49.25_hm1,49.25,1,1.94,0.0887493136,False,
T49.25_hm1,49.25,1,1.96,0.08386174379,False,
T49.25_hm1,49.25,1,1.98,0.07656458101,False,
T49.25_hm1,49.25,1,2,0.05244645079,False,
T49.5_hm1,49.5,1,0,0.1499999998,False,
T49.5_hm1,49.5,1,0.02,0.1499963775,False,
T49.5_hm1,49.5,1,0.04,0.1499855095,False,
T49.5_hm1,49.5,1,0.06,0.1499673007,False,
T49.5_hm1,49.5,1,0.08,0.1499417806,False,
T49.5_hm1,49.5,1,0.1,0.1499089979,False,
T49.5_hm1,49.5,1,0.12,0.1498689426,False,
T49.5_hm1,49.5,1,0.14,0.1498216024,False,
T49.5_hm1,49.5,1,0.16,0.1497668342,False,
T49.5_hm1,49.5,1,0.18,0.1497047277,False,
T49.5_hm1,49.5,1,0.2,0.1496352847,False,
T49.5_hm1,49.5,1,0.22,0.1495584836,False,
T49.5_hm1,49.5,1,0.24,0.149474286,False,
T49.5_hm1,49.5,1,0.26,0.1493825419,False,
T49.5_hm1,49.5,1,0.28,0.1492833589,False,
T49.5_hm1,49.5,1,0.3,0.1491767055,False,
T49.5_hm1,49.5,1,0.32,0.1490625473,False,
T49.5_hm1,49.5,1,0.34,0.1489407958,False,
T49.5_hm1,49.5,1,0.36,0.1488113584,False,
T49.5_hm1,49.5,1,0.38,0.1486742955,False,
T49.5_hm1,49.5,1,0.4,0.1485295616,False,
T49.5_hm1,49.5,1,0.42,0.1483771082,False,
T49.5_hm1,49.5,1,0.44,0.1482167922,False,
T49.5_hm1,49.5,1,0.46,0.1480485802,False,
T49.5_hm1,49.5,1,0.48,0.1478724821,False,
T49.5_hm1,49.5,1,0.5,0.1476884362,False,
T49.5_hm1,49.5,1,0.52,0.1474963775,False,
T49.5_hm1,49.5,1,0.54,0.1472961022,False,
T49.5_hm1,49.5,1,0.56,0.1470876382,False,
T49.5_hm1,49.5,1,0.58,0.1468709402,False,
T49.5_hm1,49.5,1,0.6,0.1466459274,False,
T49.5_hm1,49.5,1,0.62,0.146412506,False,
T49.5_hm1,49.5,1,0.64,0.146170427,False,
T49.5_hm1,49.5,1,0.66,0.1459197596,False,
T49.5_hm1,49.5,1,0.68,0.1456604038,False,
T49.5_hm1,49.5,1,0.7,0.1453922545,False,
T49.5_hm1,49.5,1,0.72,0.1451151485,False,
T49.5_hm1,49.5,1,0.74,0.1448288871,False,
T49.5_hm1,49.5,1,0.76,0.1445334778,False,
T49.5_hm1,49.5,1,0.78,0.1442287914,False,
T49.5_hm1,49.5,1,0.8,0.1439146917,False,
T49.5_hm1,49.5,1,0.82,0.1435909314,False,
T49.5_hm1,49.5,1,0.84,0.1432573645,False,
T49.5_hm1,49.5,1,0.86,0.1429139248,False,
T49.5_hm1,49.5,1,0.88,0.1425604441,False,
T49.5_hm1,49.5,1,0.9,0.1421967453,False,
T49.5_hm1,49.5,1,0.92,0.1418224764,False,
T49.5_hm1,49.5,1,0.94,0.1414375465,False,
T49.5_hm1,49.5,1,0.96,0.1410417975,False,
T49.5_hm1,49.5,1,0.98,0.1406350086,False,
T49.5_hm1,49.5,1,1,0.1402169463,False,
T49.5_hm1,49.5,1,1.02,0.1397871224,False,
T49.5_hm1,49.5,1,1.04,0.1393455056,False,
T49.5_hm1,49.5,1,1.06,0.1388918175,False,
T49.5_hm1,49.5,1,1.08,0.1384257627,False,
T49.5_hm1,49.5,1,1.1,0.1379469641,False,
T49.5_hm1,49.5,1,1.12,0.1374549402,False,
T49.5_hm1,49.5,1,1.14,0.1369495328,False,
T49.5_hm1,49.5,1,1.16,0.1364303622,False,
T49.5_hm1,49.5,1,1.18,0.1358970233,False,
T49.5_hm1,49.5,1,1.2,0.1353489366,False,
T49.5_hm1,49.5,1,1.22,0.1347856102,False,
T49.5_hm1,49.5,1,1.24,0.1342067026,False,
T49.5_hm1,49.5,1,1.26,0.1336116791,False,
T49.5_hm1,49.5,1,1.28,0.132999965,False,
T49.5_hm1,49.5,1,1.3,0.1323706783,False,
T49.5_hm1,49.5,1,1.32,0.1317232846,False,
T49.5_hm1,49.5,1,1.34,0.1310571597,False,
T49.5_hm1,49.5,1,1.36,0.1303715169,False,
T49.5_hm1,49.5,1,1.38,0.1296655019,False,
T49.5_hm1,49.5,1,1.4,0.1289377502,False,
T49.5_hm1,49.5,1,1.42,0.1281876169,False,
T49.5_hm1,49.5,1,1.44,0.127414005,False,
T49.5_hm1,49.5,1,1.46,0.1266156866,False,
T49.5_hm1,49.5,1,1.48,0.1257912015,False,
T49.5_hm1,49.5,1,1.5,0.1249386664,False,
T49.5_hm1,49.5,1,1.52,0.124056844,False,
T49.5_hm1,49.5,1,1.54,0.1231438722,False,
T49.5_hm1,49.5,1,1.56,0.1221976658,False,
T49.5_hm1,49.5,1,1.58,0.1212155433,False,
T49.5_hm1,49.5,1,1.6,0.1201946567,False,
T49.5_hm1,49.5,1,1.62,0.1191323815,False,
T49.5_hm1,49.5,1,1.64,0.1180252334,False,
T49.5_hm1,49.5,1,1.66,0.1168691925,False,
T49.5_hm1,49.5,1,1.68,0.1156587818,False,
T49.5_hm1,49.5,1,1.7,0.1143887144,False,
T49.5_hm1,49.5,1,1.72,0.1130527968,False,
T49.5_hm1,49.5,1,1.74,0.1116431624,False,
T49.5_hm1,49.5,1,1.76,0.1101502555,False,
T49.5_hm1,49.5,1,1.78,0.1085602767,False,
T49.5_hm1,49.5,1,1.8,0.1068595739,False,
T49.5_hm1,49.5,1,1.82,0.1050291107,False,
T49.5_hm1,49.5,1,1.84,0.103043593,False,
T49.5_hm1,49.5,1,1.86,0.1008680095,False,
T49.5_hm1,49.5,1,1.88,0.0984489714,False,
T49.5_hm1,49.5,1,1.9,0.09571626895,False,
T49.5_hm1,49.5,1,1.92,0.09255232538,False,
T49.5_hm1,49.5,1,1.94,0.08874943558,False,
T49.5_hm1,49.5,1,1.96,0.0838619177,False,
T49.5_hm1,49.5,1,1.98,0.07656489535,False,
T49.5_hm1,49.5,1,2,0.05247049465,False,
T49.75_hm1,49.75,1,0,0.1500000005,False,
T49.75_hm1,49.75,1,0.02,0.1499963782,False,
T49.75_hm1,49.75,1,0.04,0.1499855103,False,
T49.75_hm1,49.75,1,0.06,0.1499673014,False,
T49.75_hm1,49.75,1,0.08,0.1499417814,False,
T49.75_hm1,49.75,1,0.1,0.1499089987,False,
T49.75_hm1,49.75,1,0.12,0.1498689434,False,
T49.75_hm1,49.75,1,0.14,0.1498216031,False,
T49.75_hm1,49.75,1,0.16,0.149766835,False,
T49.75_hm1,49.75,1,0.18,0.1497047285,False,
T49.75_hm1,49.75,1,0.2,0.1496352855,False,
T49.75_hm1,49.75,1,0.22,0.1495584845,False,
T49.75_hm1,49.75,1,0.24,0.1494742869,False,
T49.75_hm1,49.75,1,0.26,0.1493825428,False,
T49.75_hm1,49.75,1,0.28,0.1492833599,False,
T49.75_hm1,49.75,1,0.3,0.1491767066,False,
T49.75_hm1,49.75,1,0.32,0.1490625484,False,
T49.75_hm1,49.75,1,0.34,0.1489407969,False,
T49.75_hm1,49.75,1,0.36,0.1488113596,False,
T49.75_hm1,49.75,1,0.38,0.1486742967,False,
T49.75_hm1,49.75,1,0.4,0.1485295628,False,
T49.75_hm1,49.75,1,0.42,0.1483771095,False,
T49.75_hm1,49.75,1,0.44,0.1482167937,False,
T49.75_hm1,49.75,1,0.46,0.1480485817,False,
T49.75_hm1,49.75,1,0.48,0.1478724836,False,
T49.75_hm1,49.75,1,0.5,0.1476884378,False,
T49.75_hm1,49.75,1,0.52,0.1474963793,False,
T49.75_hm1,49.75,1,0.54,0.147296104,False,
T49.75_hm1,49.75,1,0.56,0.1470876401,False,
T49.75_hm1,49.75,1,0.58,0.1468709422,False,
T49.75_hm1,49.75,1,0.6,0.1466459294,False,
T49.75_hm1,49.75,1,0.62,0.1464125081,False,
T49.75_hm1,49.75,1,0.64,0.1461704293,False,
T49.75_hm1,49.75,1,0.66,0.1459197619,False,
T49.75_hm1,49.75,1,0.68,0.1456604062,False,
T49.75_hm1,49.75,1,0.7,0.1453922571,False,
T49.75_hm1,49.75,1,0.72,0.1451151512,False,
T49.75_hm1,49.75,1,0.74,0.1448288899,False,
T49.75_hm1,49.75,1,0.76,0.1445334807,False,
T49.75_hm1,49.75,1,0.78,0.1442287944,False,
T49.75_hm1,49.75,1,0.8,0.1439146948,False,
T49.75_hm1,49.75,1,0.82,0.1435909347,False,
T49.75_hm1,49.75,1,0.84,0.143257368,False,
T49.75_hm1,49.75,1,0.86,0.1429139283,False,
T49.75_hm1,49.75,1,0.88,0.1425604478,False,
T49.75_hm1,49.75,1,0.9,0.1421967492,False,
T49.75_hm1,49.75,1,0.92,0.1418224804,False,
T49.75_hm1,49.75,1,0.94,0.1414375507,False,
T49.75_hm1,49.75,1,0.96,0.1410418019,False,
T49.75_hm1,49.75,1,0.98,0.1406350132,False,
T49.75_hm1,49.75,1,1,0.140216951,False,
T49.75_hm1,49.75,1,1.02,0.1397871273,False,
T49.75_hm1,49.75,1,1.04,0.1393455107,False,
T49.75_hm1,49.75,1,1.06,0.1388918228,False,
T49.75_hm1,49.75,1,1.08,0.1384257682,False,
T49.75_hm1,49.75,1,1.1,0.1379469699,False,
T49.75_hm1,49.75,1,1.12,0.1374549462,False,
T49.75_hm1,49.75,1,1.14,0.136949539,False,
T49.75_hm1,49.75,1,1.16,0.1364303687,False,
T49.75_hm1,49.75,1,1.18,0.1358970301,False,
T49.75_hm1,49.75,1,1.2,0.1353489437,False,
T49.75_hm1,49.75,1,1.22,0.1347856175,False,
T49.75_hm1,49.75,1,1.24,0.1342067103,False,
T49.75_hm1,49.75,1,1.26,0.1336116872,False,
T49.75_hm1,49.75,1,1.28,0.1329999733,False,
T49.75_hm1,49.75,1,1.3,0.132370687,False,
T49.75_hm1,49.75,1,1.32,0.1317232937,False,
T49.75_hm1,49.75,1,1.34,0.1310571692,False,
T49.75_hm1,49.75,1,1.36,0.1303715269,False,
T49.75_hm1,49.75,1,1.38,0.1296655123,False,
T49.75_hm1,49.75,1,1.4,0.1289377611,False,
T49.75_hm1,49.75,1,1.42,0.1281876283,False,
T49.75_hm1,49.75,1,1.44,0.127414017,False,
T49.75_hm1,49.75,1,1.46,0.1266156993,False,
T49.75_hm1,49.75,1,1.48,0.1257912148,False,
T49.75_hm1,49.75,1,1.5,0.1249386803,False,
T49.75_hm1,49.75,1,1.52,0.1240568587,False,
T49.75_hm1,49.75,1,1.54,0.1231438878,False,
T49.75_hm1,49.75,1,1.56,0.1221976822,False,
T49.75_hm1,49.75,1,1.58,0.1212155608,False,
T49.75_hm1,49.75,1,1.6,0.1201946752,False,
T49.75_hm1,49.75,1,1.62,0.1191324013,False,
T49.75_hm1,49.75,1,1.64,0.1180252545,False,
T49.75_hm1,49.75,1,1.66,0.1168692151,False,
T49.75_hm1,49.75,1,1.68,0.1156588061,False,
T49.75_hm1,49.75,1,1.7,0.1143887405,False,
T49.75_hm1,49.75,1,1.72,0.113052825,False,
T49.75_hm1,49.75,1,1.74,0.1116431931,False,
T49.75_hm1,49.75,1,1.76,0.1101502891,False,
T49.75_hm1,49.75,1,1.78,0.1085603135,False,
T49.75_hm1,49.75,1,1.8,0.1068596147,False,
T49.75_hm1,49.75,1,1.82,0.1050291563,False,
T49.75_hm1,49.75,1,1.84,0.1030436444,False,
T49.75_hm1,49.75,1,1.86,0.1008680683,False,
T49.75_hm1,49.75,1,1.88,0.09844903974,False,
T49.75_hm1,49.75,1,1.9,0.09571635027,False,
T49.75_hm1,49.75,1,1.92,0.09255242532,False,
T49.75_hm1,49.75,1,1.94,0.08874956475,False,
T49.75_hm1,49.75,1,1.96,0.0838621008,False,
T49.75_hm1,49.75,1,1.98,0.07656522433,False,
T49.75_hm1,49.75,1,2,0.05249472464,False,
T50_hm1,50,1,0,0.1499999995,False,
T50_hm1,50,1,0.02,0.1499963772,False,
T50_hm1,50,1,0.04,0.1499855092,False,
T50_hm1,50,1,0.06,0.1499673004,False,
T50_hm1,50,1,0.08,0.1499417803,False,
T50_hm1,50,1,0.1,0.1499089977,False,
T50_hm1,50,1,0.12,0.1498689424,False,
T50_hm1,50,1,0.14,0.1498216022,False,
T50_hm1,50,1,0.16,0.1497668341,False,
T50_hm1,50,1,0.18,0.1497047276,False,
T50_hm1,50,1,0.2,0.1496352847,False,
T50_hm1,50,1,0.22,0.1495584837,False,
T50_hm1,50,1,0.24,0.1494742861,False,
T50_hm1,50,1,0.26,0.1493825421,False,
T50_hm1,50,1,0.28,0.1492833593,False,
T50_hm1,50,1,0.3,0.1491767059,False,
T50_hm1,50,1,0.32,0.1490625478,False,
T50_hm1,50,1,0.34,0.1489407964,False,
T50_hm1,50,1,0.36,0.1488113591,False,
T50_hm1,50,1,0.38,0.1486742963,False,
T50_hm1,50,1,0.4,0.1485295625,False,
T50_hm1,50,1,0.42,0.1483771093,False,
T50_hm1,50,1,0.44,0.1482167935,False,
T50_hm1,50,1,0.46,0.1480485816,False,
T50_hm1,50,1,0.48,0.1478724836,False,
T50_hm1,50,1,0.5,0.1476884379,False,
T50_hm1,50,1,0.52,0.1474963794,False,
T50_hm1,50,1,0.54,0.1472961043,False,
T50_hm1,50,1,0.56,0.1470876405,False,
T50_hm1,50,1,0.58,0.1468709427,False,
T50_hm1,50,1,0.6,0.14664593,False,
T50_hm1,50,1,0.62,0.1464125088,False,
T50_hm1,50,1,0.64,0.1461704301,False,
T50_hm1,50,1,0.66,0.1459197629,False,
T50_hm1,50,1,0.68,0.1456604073,False,
T50_hm1,50,1,0.7,0.1453922583,False,
T50_hm1,50,1,0.72,0.1451151525,False,
T50_hm1,50,1,0.74,0.1448288913,False,
T50_hm1,50,1,0.76,0.1445334823,False,
T50_hm1,50,1,0.78,0.1442287962,False,
T50_hm1,50,1,0.8,0.1439146968,False,
T50_hm1,50,1,0.82,0.1435909368,False,
T50_hm1,50,1,0.84,0.1432573702,False,
T50_hm1,50,1,0.86,0.1429139307,False,
T50_hm1,50,1,0.88,0.1425604504,False,
T50_hm1,50,1,0.9,0.142196752,False,
T50_hm1,50,1,0.92,0.1418224834,False,
T50_hm1,50,1,0.94,0.1414375539,False,
T50_hm1,50,1,0.96,0.1410418053,False,
T50_hm1,50,1,0.98,0.1406350168,False,
T50_hm1,50,1,1,0.1402169548,False,
T50_hm1,50,1,1.02,0.1397871314,False,
T50_hm1,50,1,1.04,0.139345515,False,
T50_hm1,50,1,1.06,0.1388918273,False,
T50_hm1,50,1,1.08,0.138425773,False,
T50_hm1,50,1,1.1,0.1379469749,False,
T50_hm1,50,1,1.12,0.1374549515,False,
T50_hm1,50,1,1.14,0.1369495446,False,
T50_hm1,50,1,1.16,0.1364303746,False,
T50_hm1,50,1,1.18,0.1358970363,False,
T50_hm1,50,1,1.2,0.1353489502,False,
T50_hm1,50,1,1.22,0.1347856244,False,
T50_hm1,50,1,1.24,0.1342067175,False,
T50_hm1,50,1,1.26,0.1336116948,False,
T50_hm1,50,1,1.28,0.1329999814,False,
T50_hm1,50,1,1.3,0.1323706954,False,
T50_hm1,50,1,1.32,0.1317233026,False,
T50_hm1,50,1,1.34,0.1310571785,False,
T50_hm1,50,1,1.36,0.1303715367,False,
T50_hm1,50,1,1.38,0.1296655227,False,
T50_hm1,50,1,1.4,0.128937772,False,
T50_hm1,50,1,1.42,0.1281876398,False,
T50_hm1,50,1,1.44,0.1274140291,False,
T50_hm1,50,1,1.46,0.1266157121,False,
T50_hm1,50,1,1.48,0.1257912283,False,
T50_hm1,50,1,1.5,0.1249386946,False,
T50_hm1,50,1,1.52,0.1240568739,False,
T50_hm1,50,1,1.54,0.1231439038,False,
T50_hm1,50,1,1.56,0.1221976993,False,
T50_hm1,50,1,1.58,0.1212155789,False,
T50_hm1,50,1,1.6,0.1201946945,False,
T50_hm1,50,1,1.62,0.1191324218,False,
T50_hm1,50,1,1.64,0.1180252765,False,
T50_hm1,50,1,1.66,0.1168692387,False,
T50_hm1,50,1,1.68,0.1156588314,False,
T50_hm1,50,1,1.7,0.1143887679,False,
T50_hm1,50,1,1.72,0.1130528547,False,
T50_hm1,50,1,1.74,0.1116432254,False,
T50_hm1,50,1,1.76,0.1101503243,False,
T50_hm1,50,1,1.78,0.1085603523,False,
T50_hm1,50,1,1.8,0.1068596577,False,
T50_hm1,50,1,1.82,0.1050292042,False,
T50_hm1,50,1,1.84,0.1030436985,False,
T50_hm1,50,1,1.86,0.1008681301,False,
T50_hm1,50,1,1.88,0.09844911154,False,
T50_hm1,50,1,1.9,0.09571643561,False,
T50_hm1,50,1,1.92,0.09255253007,False,
T50_hm1,50,1,1.94,0.08874969994,False,
T50_hm1,50,1,1.96,0.08386229207,False,
T50_hm1,50,1,1.98,0.07656556724,False,
T50_hm1,50,1,2,0.05251914163,False,
T50.165_hm1,50.165,1,0,0.1499999997,False,
T50.165_hm1,50.165,1,0.02,0.1499963774,False,
T50.165_hm1,50.165,1,0.04,0.1499855095,False,
T50.165_hm1,50.165,1,0.06,0.1499673007,False,
T50.165_hm1,50.165,1,0.08,0.1499417806,False,
T50.165_hm1,50.165,1,0.1,0.149908998,False,
T50.165_hm1,50.165,1,0.12,0.1498689427,False,
T50.165_hm1,50.165,1,0.14,0.1498216025,False,
T50.165_hm1,50.165,1,0.16,0.1497668345,False,
T50.165_hm1,50.165,1,0.18,0.149704728,False,
T50.165_hm1,50.165,1,0.2,0.1496352851,False,
T50.165_hm1,50.165,1,0.22,0.1495584841,False,
T50.165_hm1,50.165,1,0.24,0.1494742866,False,
T50.165_hm1,50.165,1,0.26,0.1493825426,False,
T50.165_hm1,50.165,1,0.28,0.1492833598,False,
T50.165_hm1,50.165,1,0.3,0.1491767065,False,
T50.165_hm1,50.165,1,0.32,0.1490625484,False,
T50.165_hm1,50.165,1,0.34,0.148940797,False,
T50.165_hm1,50.165,1,0.36,0.1488113598,False,
T50.165_hm1,50.165,1,0.38,0.148674297,False,
T50.165_hm1,50.165,1,0.4,0.1485295633,False,
T50.165_hm1,50.165,1,0.42,0.1483771101,False,
T50.165_hm1,50.165,1,0.44,0.1482167944,False,
T50.165_hm1,50.165,1,0.46,0.1480485825,False,
T50.165_hm1,50.165,1,0.48,0.1478724846,False,
T50.165_hm1,50.165,1,0.5,0.147688439,False,
T50.165_hm1,50.165,1,0.52,0.1474963805,False,
T50.165_hm1,50.165,1,0.54,0.1472961055,False,
T50.165_hm1,50.165,1,0.56,0.1470876417,False,
T50.165_hm1,50.165,1,0.58,0.146870944,False,
T50.165_hm1,50.165,1,0.6,0.1466459314,False,
T50.165_hm1,50.165,1,0.62,0.1464125103,False,
T50.165_hm1,50.165,1,0.64,0.1461704317,False,
T50.165_hm1,50.165,1,0.66,0.1459197645,False,
T50.165_hm1,50.165,1,0.68,0.1456604091,False,
T50.165_hm1,50.165,1,0.7,0.1453922601,False,
T50.165_hm1,50.165,1,0.72,0.1451151544,False,
T50.165_hm1,50.165,1,0.74,0.1448288934,False,
T50.165_hm1,50.165,1,0.76,0.1445334845,False,
T50.165_hm1,50.165,1,0.78,0.1442287984,False,
T50.165_hm1,50.165,1,0.8,0.1439146991,False,
T50.165_hm1,50.165,1,0.82,0.1435909393,False,
T50.165_hm1,50.165,1,0.84,0.1432573728,False,
T50.165_hm1,50.165,1,0.86,0.1429139335,False,
T50.165_hm1,50.165,1,0.88,0.1425604532,False,
T50.165_hm1,50.165,1,0.9,0.142196755,False,
T50.165_hm1,50.165,1,0.92,0.1418224865,False,
T50.165_hm1,50.165,1,0.94,0.1414375571,False,
T50.165_hm1,50.165,1,0.96,0.1410418087,False,
T50.165_hm1,50.165,1,0.98,0.1406350203,False,
T50.165_hm1,50.165,1,1,0.1402169585,False,
T50.165_hm1,50.165,1,1.02,0.1397871352,False,
T50.165_hm1,50.165,1,1.04,0.139345519,False,
T50.165_hm1,50.165,1,1.06,0.1388918315,False,
T50.165_hm1,50.165,1,1.08,0.1384257774,False,
T50.165_hm1,50.165,1,1.1,0.1379469795,False,
T50.165_hm1,50.165,1,1.12,0.1374549563,False,
T50.165_hm1,50.165,1,1.14,0.1369495496,False,
T50.165_hm1,50.165,1,1.16,0.1364303798,False,
T50.165_hm1,50.165,1,1.18,0.1358970417,False,
T50.165_hm1,50.165,1,1.2,0.1353489559,False,
T50.165_hm1,50.165,1,1.22,0.1347856303,False,
T50.165_hm1,50.165,1,1.24,0.1342067236,False,
T50.165_hm1,50.165,1,1.26,0.1336117012,False,
T50.165_hm1,50.165,1,1.28,0.132999988,False,
T50.165_hm1,50.165,1,1.3,0.1323707024,False,
T50.165_hm1,50.165,1,1.32,0.1317233099,False,
T50.165_hm1,50.165,1,1.34,0.1310571861,False,
T50.165_hm1,50.165,1,1.36,0.1303715446,False,
T50.165_hm1,50.165,1,1.38,0.129665531,False,
T50.165_hm1,50.165,1,1.4,0.1289377807,False,
T50.165_hm1,50.165,1,1.42,0.1281876489,False,
T50.165_hm1,50.165,1,1.44,0.1274140386,False,
T50.165_hm1,50.165,1,1.46,0.126615722,False,
T50.165_hm1,50.165,1,1.48,0.1257912388,False,
T50.165_hm1,50.165,1,1.5,0.1249387056,False,
T50.165_hm1,50.165,1,1.52,0.1240568854,False,
T50.165_hm1,50.165,1,1.54,0.123143916,False,
T50.165_hm1,50.165,1,1.56,0.1221977121,False,
T50.165_hm1,50.165,1,1.58,0.1212155925,False,
T50.165_hm1,50.165,1,1.6,0.1201947089,False,
T50.165_hm1,50.165,1,1.62,0.1191324371,False,
T50.165_hm1,50.165,1,1.64,0.1180252928,False,
T50.165_hm1,50.165,1,1.66,0.1168692561,False,
T50.165_hm1,50.165,1,1.68,0.11565885,False,
T50.165_hm1,50.165,1,1.7,0.1143887878,False,
T50.165_hm1,50.165,1,1.72,0.1130528762,False,
T50.165_hm1,50.165,1,1.74,0.1116432487,False,
T50.165_hm1,50.165,1,1.76,0.1101503497,False,
T50.165_hm1,50.165,1,1.78,0.1085603801,False,
T50.165_hm1,50.165,1,1.8,0.1068596883,False,
T50.165_hm1,50.165,1,1.82,0.1050292382,False,
T50.165_hm1,50.165,1,1.84,0.1030437367,False,
T50.165_hm1,50.165,1,1.86,0.1008681735,False,
T50.165_hm1,50.165,1,1.88,0.09844916177,False,
T50.165_hm1,50.165,1,1.9,0.09571649504,False,
T50.165_hm1,50.165,1,1.92,0.09255260271,False,
T50.165_hm1,50.165,1,1.94,0.08874979327,False,
T50.165_hm1,50.165,1,1.96,0.08386242356,False,
T50.165_hm1,50.165,1,1.98,0.0765658019,False,
T50.165_hm1,50.165,1,2,0.05253535998,False,
T50.25_hm1,50.25,1,0,0.1500000011,False,
T50.25_hm1,50.25,1,0.02,0.1499963788,False,
T50.25_hm1,50.25,1,0.04,0.1499855108,False,
T50.25_hm1,50.25,1,0.06,0.149967302,False,
T50.25_hm1,50.25,1,0.08,0.149941782,False,
T50.25_hm1,50.25,1,0.1,0.1499089993,False,
T50.25_hm1,50.25,1,0.12,0.1498689441,False,
T50.25_hm1,50.25,1,0.14,0.1498216039,False,
T50.25_hm1,50.25,1,0.16,0.1497668358,False,
T50.25_hm1,50.25,1,0.18,0.1497047294,False,
T50.25_hm1,50.25,1,0.2,0.1496352865,False,
T50.25_hm1,50.25,1,0.22,0.1495584855,False,
T50.25_hm1,50.25,1,0.24,0.149474288,False,
T50.25_hm1,50.25,1,0.26,0.149382544,False,
T50.25_hm1,50.25,1,0.28,0.1492833612,False,
T50.25_hm1,50.25,1,0.3,0.1491767079,False,
T50.25_hm1,50.25,1,0.32,0.1490625499,False,
T50.25_hm1,50.25,1,0.34,0.1489407985,False,
T50.25_hm1,50.25,1,0.36,0.1488113613,False,
T50.25_hm1,50.25,1,0.38,0.1486742986,False,
T50.25_hm1,50.25,1,0.4,0.1485295649,False,
T50.25_hm1,50.25,1,0.42,0.1483771117,False,
T50.25_hm1,50.25,1,0.44,0.148216796,False,
T50.25_hm1,50.25,1,0.46,0.1480485842,False,
T50.25_hm1,50.25,1,0.48,0.1478724863,False,
T50.25_hm1,50.25,1,0.5,0.1476884407,False,
T50.25_hm1,50.25,1,0.52,0.1474963823,False,
T50.25_hm1,50.25,1,0.54,0.1472961073,False,
T50.25_hm1,50.25,1,0.56,0.1470876436,False,
T50.25_hm1,50.25,1,0.58,0.1468709459,False,
T50.25_hm1,50.25,1,0.6,0.1466459333,False,
T50.25_hm1,50.25,1,0.62,0.1464125123,False,
T50.25_hm1,50.25,1,0.64,0.1461704337,False,
T50.25_hm1,50.25,1,0.66,0.1459197666,False,
T50.25_hm1,50.25,1,0.68,0.1456604112,False,
T50.25_hm1,50.25,1,0.7,0.1453922623,False,
T50.25_hm1,50.25,1,0.72,0.1451151566,False,
T50.25_hm1,50.25,1,0.74,0.1448288956,False,
T50.25_hm1,50.25,1,0.76,0.1445334868,False,
T50.25_hm1,50.25,1,0.78,0.1442288008,False,
T50.25_hm1,50.25,1,0.8,0.1439147015,False,
T50.25_hm1,50.25,1,0.82,0.1435909417,False,
T50.25_hm1,50.25,1,0.84,0.1432573753,False,
T50.25_hm1,50.25,1,0.86,0.1429139361,False,
T50.25_hm1,50.25,1,0.88,0.1425604559,False,
T50.25_hm1,50.25,1,0.9,0.1421967577,False,
T50.25_hm1,50.25,1,0.92,0.1418224893,False,
T50.25_hm1,50.25,1,0.94,0.14143756,False,
T50.25_hm1,50.25,1,0.96,0.1410418116,False,
T50.25_hm1,50.25,1,0.98,0.1406350233,False,
T50.25_hm1,50.25,1,1,0.1402169616,False,
T50.25_hm1,50.25,1,1.02,0.1397871384,False,
T50.25_hm1,50.25,1,1.04,0.1393455223,False,
T50.25_hm1,50.25,1,1.06,0.1388918349,False,
T50.25_hm1,50.25,1,1.08,0.1384257808,False,
T50.25_hm1,50.25,1,1.1,0.137946983,False,
T50.25_hm1,50.25,1,1.12,0.1374549599,False,
T50.25_hm1,50.25,1,1.14,0.1369495533,False,
T50.25_hm1,50.25,1,1.16,0.1364303836,False,
T50.25_hm1,50.25,1,1.18,0.1358970457,False,
T50.25_hm1,50.25,1,1.2,0.1353489599,False,
T50.25_hm1,50.25,1,1.22,0.1347856345,False,
T50.25_hm1,50.25,1,1.24,0.134206728,False,
T50.25_hm1,50.25,1,1.26,0.1336117056,False,
T50.25_hm1,50.25,1,1.28,0.1329999926,False,
T50.25_hm1,50.25,1,1.3,0.1323707071,False,
T50.25_hm1,50.25,1,1.32,0.1317233148,False,
T50.25_hm1,50.25,1,1.34,0.1310571912,False,
T50.25_hm1,50.25,1,1.36,0.1303715498,False,
T50.25_hm1,50.25,1,1.38,0.1296655364,False,
T50.25_hm1,50.25,1,1.4,0.1289377863,False,
T50.25_hm1,50.25,1,1.42,0.1281876547,False,
T50.25_hm1,50.25,1,1.44,0.1274140447,False,
T50.25_hm1,50.25,1,1.46,0.1266157283,False,
T50.25_hm1,50.25,1,1.48,0.1257912453,False,
T50.25_hm1,50.25,1,1.5,0.1249387124,False,
T50.25_hm1,50.25,1,1.52,0.1240568926,False,
T50.25_hm1,50.25,1,1.54,0.1231439235,False,
T50.25_hm1,50.25,1,1.56,0.1221977199,False,
T50.25_hm1,50.25,1,1.58,0.1212156007,False,
T50.25_hm1,50.25,1,1.6,0.1201947175,False,
T50.25_hm1,50.25,1,1.62,0.1191324462,False,
T50.25_hm1,50.25,1,1.64,0.1180253024,False,
T50.25_hm1,50.25,1,1.66,0.1168692662,False,
T50.25_hm1,50.25,1,1.68,0.1156588608,False,
T50.25_hm1,50.25,1,1.7,0.1143887993,False,
T50.25_hm1,50.25,1,1.72,0.1130528885,False,
T50.25_hm1,50.25,1,1.74,0.1116432619,False,
T50.25_hm1,50.25,1,1.76,0.1101503639,False,
T50.25_hm1,50.25,1,1.78,0.1085603956,False,
T50.25_hm1,50.25,1,1.8,0.1068597052,False,
T50.25_hm1,50.25,1,1.82,0.105029257,False,
T50.25_hm1,50.25,1,1.84,0.1030437576,False,
T50.25_hm1,50.25,1,1.86,0.1008681971,False,
T50.25_hm1,50.25,1,1.88,0.09844918897,False,
T50.25_hm1,50.25,1,1.9,0.09571652705,False,
T50.25_hm1,50.25,1,1.92,0.09255264163,False,
T50.25_hm1,50.25,1,1.94,0.08874984302,False,
T50.25_hm1,50.25,1,1.96,0.08386249328,False,
T50.25_hm1,50.25,1,1.98,0.07656592569,False,
T50.25_hm1,50.25,1,2,0.0525437471,False,
T50.5_hm1,50.5,1,0,0.1499999991,False,
T50.5_hm1,50.5,1,0.02,0.1499963768,False,
T50.5_hm1,50.5,1,0.04,0.1499855089,False,
T50.5_hm1,50.5,1,0.06,0.1499673001,False,
T50.5_hm1,50.5,1,0.08,0.1499417801,False,
T50.5_hm1,50.5,1,0.1,0.1499089974,False,
T50.5_hm1,50.5,1,0.12,0.1498689422,False,
T50.5_hm1,50.5,1,0.14,0.1498216021,False,
T50.5_hm1,50.5,1,0.16,0.149766834,False,
T50.5_hm1,50.5,1,0.18,0.1497047276,False,
T50.5_hm1,50.5,1,0.2,0.1496352848,False,
T50.5_hm1,50.5,1,0.22,0.1495584838,False,
T50.5_hm1,50.5,1,0.24,0.1494742864,False,
T50.5_hm1,50.5,1,0.26,0.1493825425,False,
T50.5_hm1,50.5,1,0.28,0.1492833597,False,
T50.5_hm1,50.5,1,0.3,0.1491767065,False,
T50.5_hm1,50.5,1,0.32,0.1490625486,False,
T50.5_hm1,50.5,1,0.34,0.1489407973,False,
T50.5_hm1,50.5,1,0.36,0.1488113601,False,
T50.5_hm1,50.5,1,0.38,0.1486742975,False,
T50.5_hm1,50.5,1,0.4,0.1485295639,False,
T50.5_hm1,50.5,1,0.42,0.1483771108,False,
T50.5_hm1,50.5,1,0.44,0.1482167952,False,
T50.5_hm1,50.5,1,0.46,0.1480485835,False,
T50.5_hm1,50.5,1,0.48,0.1478724857,False,
T50.5_hm1,50.5,1,0.5,0.1476884402,False,
T50.5_hm1,50.5,1,0.52,0.147496382,False,
T50.5_hm1,50.5,1,0.54,0.147296107,False,
T50.5_hm1,50.5,1,0.56,0.1470876434,False,
T50.5_hm1,50.5,1,0.58,0.1468709459,False,
T50.5_hm1,50.5,1,0.6,0.1466459335,False,
T50.5_hm1,50.5,1,0.62,0.1464125126,False,
T50.5_hm1,50.5,1,0.64,0.1461704341,False,
T50.5_hm1,50.5,1,0.66,0.1459197672,False,
T50.5_hm1,50.5,1,0.68,0.1456604119,False,
T50.5_hm1,50.5,1,0.7,0.1453922632,False,
T50.5_hm1,50.5,1,0.72,0.1451151578,False,
T50.5_hm1,50.5,1,0.74,0.1448288969,False,
T50.5_hm1,50.5,1,0.76,0.1445334883,False,
T50.5_hm1,50.5,1,0.78,0.1442288025,False,
T50.5_hm1,50.5,1,0.8,0.1439147034,False,
T50.5_hm1,50.5,1,0.82,0.1435909439,False,
T50.5_hm1,50.5,1,0.84,0.1432573776,False,
T50.5_hm1,50.5,1,0.86,0.1429139386,False,
T50.5_hm1,50.5,1,0.88,0.1425604587,False,
T50.5_hm1,50.5,1,0.9,0.1421967607,False,
T50.5_hm1,50.5,1,0.92,0.1418224925,False,
T50.5_hm1,50.5,1,0.94,0.1414375635,False,
T50.5_hm1,50.5,1,0.96,0.1410418154,False,
T50.5_hm1,50.5,1,0.98,0.1406350273,False,
T50.5_hm1,50.5,1,1,0.1402169659,False,
T50.5_hm1,50.5,1,1.02,0.139787143,False,
T50.5_hm1,50.5,1,1.04,0.1393455272,False,
T50.5_hm1,50.5,1,1.06,0.1388918401,False,
T50.5_hm1,50.5,1,1.08,0.1384257863,False,
T50.5_hm1,50.5,1,1.1,0.1379469889,False,
T50.5_hm1,50.5,1,1.12,0.1374549661,False,
T50.5_hm1,50.5,1,1.14,0.1369495599,False,
T50.5_hm1,50.5,1,1.16,0.1364303905,False,
T50.5_hm1,50.5,1,1.18,0.135897053,False,
T50.5_hm1,50.5,1,1.2,0.1353489676,False,
T50.5_hm1,50.5,1,1.22,0.1347856426,False,
T50.5_hm1,50.5,1,1.24,0.1342067365,False,
T50.5_hm1,50.5,1,1.26,0.1336117147,False,
T50.5_hm1,50.5,1,1.28,0.1330000021,False,
T50.5_hm1,50.5,1,1.3,0.1323707172,False,
T50.5_hm1,50.5,1,1.32,0.1317233253,False,
T50.5_hm1,50.5,1,1.34,0.1310572023,False,
T50.5_hm1,50.5,1,1.36,0.1303715615,False,
T50.5_hm1,50.5,1,1.38,0.1296655487,False,
T50.5_hm1,50.5,1,1.4,0.1289377992,False,
T50.5_hm1,50.5,1,1.42,0.1281876684,False,
T50.5_hm1,50.5,1,1.44,0.1274140591,False,
T50.5_hm1,50.5,1,1.46,0.1266157435,False,
T50.5_hm1,50.5,1,1.48,0.1257912613,False,
T50.5_hm1,50.5,1,1.5,0.1249387294,False,
T50.5_hm1,50.5,1,1.52,0.1240569105,False,
T50.5_hm1,50.5,1,1.54,0.1231439424,False,
T50.5_hm1,50.5,1,1.56,0.12219774,False,
T50.5_hm1,50.5,1,1.58,0.1212156219,False,
T50.5_hm1,50.5,1,1.6,0.1201947401,False,
T50.5_hm1,50.5,1,1.62,0.1191324703,False,
T50.5_hm1,50.5,1,1.64,0.1180253281,False,
T50.5_hm1,50.5,1,1.66,0.1168692937,False,
T50.5_hm1,50.5,1,1.68,0.1156588903,False,
T50.5_hm1,50.5,1,1.7,0.114388831,False,
T50.5_hm1,50.5,1,1.72,0.1130529227,False,
T50.5_hm1,50.5,1,1.74,0.111643299,False,
T50.5_hm1,50.5,1,1.76,0.1101504044,False,
T50.5_hm1,50.5,1,1.78,0.1085604399,False,
T50.5_hm1,50.5,1,1.8,0.1068597541,False,
T50.5_hm1,50.5,1,1.82,0.1050293113,False,
T50.5_hm1,50.5,1,1.84,0.1030438186,False,
T50.5_hm1,50.5,1,1.86,0.1008682665,False,
T50.5_hm1,50.5,1,1.88,0.09844926919,False,
T50.5_hm1,50.5,1,1.9,0.09571662192,False,
T50.5_hm1,50.5,1,1.92,0.09255275747,False,
T50.5_hm1,50.5,1,1.94,0.08874999169,False,
T50.5_hm1,50.5,1,1.96,0.08386270241,False,
T50.5_hm1,50.5,1,1.98,0.07656629813,False,
T50.5_hm1,50.5,1,2,0.05256854168,False,
T50.75_hm1,50.75,1,0,0.1499999998,False,
T50.75_hm1,50.75,1,0.02,0.1499963776,False,
T50.75_hm1,50.75,1,0.04,0.1499855096,False,
T50.75_hm1,50.75,1,0.06,0.1499673009,False,
T50.75_hm1,50.75,1,0.08,0.1499417808,False,
T50.75_hm1,50.75,1,0.1,0.1499089982,False,
T50.75_hm1,50.75,1,0.12,0.149868943,False,
T50.75_hm1,50.75,1,0.14,0.1498216029,False,
T50.75_hm1,50.75,1,0.16,0.1497668349,False,
T50.75_hm1,50.75,1,0.18,0.1497047285,False,
T50.75_hm1,50.75,1,0.2,0.1496352857,False,
T50.75_hm1,50.75,1,0.22,0.1495584849,False,
T50.75_hm1,50.75,1,0.24,0.1494742874,False,
T50.75_hm1,50.75,1,0.26,0.1493825436,False,
T50.75_hm1,50.75,1,0.28,0.1492833609,False,
T50.75_hm1,50.75,1,0.3,0.1491767078,False,
T50.75_hm1,50.75,1,0.32,0.1490625499,False,
T50.75_hm1,50.75,1,0.34,0.1489407987,False,
T50.75_hm1,50.75,1,0.36,0.1488113616,False,
T50.75_hm1,50.75,1,0.38,0.1486742991,False,
T50.75_hm1,50.75,1,0.4,0.1485295656,False,
T50.75_hm1,50.75,1,0.42,0.1483771126,False,
T50.75_hm1,50.75,1,0.44,0.1482167971,False,
T50.75_hm1,50.75,1,0.46,0.1480485855,False,
T50.75_hm1,50.75,1,0.48,0.1478724878,False,
T50.75_hm1,50.75,1,0.5,0.1476884425,False,
T50.75_hm1,50.75,1,0.52,0.1474963844,False,
T50.75_hm1,50.75,1,0.54,0.1472961096,False,
T50.75_hm1,50.75,1,0.56,0.1470876461,False,
T50.75_hm1,50.75,1,0.58,0.1468709487,False,
T50.75_hm1,50.75,1,0.6,0.1466459365,False,
T50.75_hm1,50.75,1,0.62,0.1464125157,False,
T50.75_hm1,50.75,1,0.64,0.1461704374,False,
T50.75_hm1,50.75,1,0.66,0.1459197707,False,
T50.75_hm1,50.75,1,0.68,0.1456604156,False,
T50.75_hm1,50.75,1,0.7,0.145392267,False,
T50.75_hm1,50.75,1,0.72,0.1451151617,False,
T50.75_hm1,50.75,1,0.74,0.1448289011,False,
T50.75_hm1,50.75,1,0.76,0.1445334927,False,
T50.75_hm1,50.75,1,0.78,0.144228807,False,
T50.75_hm1,50.75,1,0.8,0.1439147082,False,
T50.75_hm1,50.75,1,0.82,0.1435909489,False,
T50.75_hm1,50.75,1,0.84,0.1432573829,False,
T50.75_hm1,50.75,1,0.86,0.1429139441,False,
T50.75_hm1,50.75,1,0.88,0.1425604644,False,
T50.75_hm1,50.75,1,0.9,0.1421967667,False,
T50.75_hm1,50.75,1,0.92,0.1418224988,False,
T50.75_hm1,50.75,1,0.94,0.14143757,False,
T50.75_hm1,50.75,1,0.96,0.1410418221,False,
T50.75_hm1,50.75,1,0.98,0.1406350344,False,
T50.75_hm1,50.75,1,1,0.1402169732,False,
T50.75_hm1,50.75,1,1.02,0.1397871507,False,
T50.75_hm1,50.75,1,1.04,0.1393455351,False,
T50.75_hm1,50.75,1,1.06,0.1388918484,False,
T50.75_hm1,50.75,1,1.08,0.138425795,False,
T50.75_hm1,50.75,1,1.1,0.1379469978,False,
T50.75_hm1,50.75,1,1.12,0.1374549754,False,
T50.75_hm1,50.75,1,1.14,0.1369495696,False,
T50.75_hm1,50.75,1,1.16,0.1364304007,False,
T50.75_hm1,50.75,1,1.18,0.1358970635,False,
T50.75_hm1,50.75,1,1.2,0.1353489786,False,
T50.75_hm1,50.75,1,1.22,0.134785654,False,
T50.75_hm1,50.75,1,1.24,0.1342067484,False,
T50.75_hm1,50.75,1,1.26,0.133611727,False,
T50.75_hm1,50.75,1,1.28,0.133000015,False,
T50.75_hm1,50.75,1,1.3,0.1323707305,False,
T50.75_hm1,50.75,1,1.32,0.1317233392,False,
T50.75_hm1,50.75,1,1.34,0.1310572168,False,
T50.75_hm1,50.75,1,1.36,0.1303715766,False,
T50.75_hm1,50.75,1,1.38,0.1296655644,False,
T50.75_hm1,50.75,1,1.4,0.1289378157,False,
T50.75_hm1,50.75,1,1.42,0.1281876855,False,
T50.75_hm1,50.75,1,1.44,0.127414077,False,
T50.75_hm1,50.75,1,1.46,0.1266157623,False,
T50.75_hm1,50.75,1,1.48,0.125791281,False,
T50.75_hm1,50.75,1,1.5,0.1249387499,False,
T50.75_hm1,50.75,1,1.52,0.124056932,False,
T50.75_hm1,50.75,1,1.54,0.1231439651,False,
T50.75_hm1,50.75,1,1.56,0.1221977638,False,
T50.75_hm1,50.75,1,1.58,0.121215647,False,
T50.75_hm1,50.75,1,1.6,0.1201947666,False,
T50.75_hm1,50.75,1,1.62,0.1191324983,False,
T50.75_hm1,50.75,1,1.64,0.1180253578,False,
T50.75_hm1,50.75,1,1.66,0.1168693252,False,
T50.75_hm1,50.75,1,1.68,0.1156589239,False,
T50.75_hm1,50.75,1,1.7,0.1143888669,False,
T50.75_hm1,50.75,1,1.72,0.1130529612,False,
T50.75_hm1,50.75,1,1.74,0.1116433405,False,
T50.75_hm1,50.75,1,1.76,0.1101504493,False,
T50.75_hm1,50.75,1,1.78,0.1085604888,False,
T50.75_hm1,50.75,1,1.8,0.1068598077,False,
T50.75_hm1,50.75,1,1.82,0.1050293706,False,
T50.75_hm1,50.75,1,1.84,0.1030438848,False,
T50.75_hm1,50.75,1,1.86,0.1008683413,False,
T50.75_hm1,50.75,1,1.88,0.09844935525,False,
T50.75_hm1,50.75,1,1.9,0.09571672314,False,
T50.75_hm1,50.75,1,1.92,0.09255288038,False,
T50.75_hm1,50.75,1,1.94,0.08875014857,False,
T50.75_hm1,50.75,1,1.96,0.08386292186,False,
T50.75_hm1,50.75,1,1.98,0.07656668675,False,
T50.75_hm1,50.75,1,2,0.05259352702,False,
T51_hm1,51,1,0,0.1500000011,False,
T51_hm1,51,1,0.02,0.1499963788,False,
T51_hm1,51,1,0.04,0.1499855109,False,
T51_hm1,51,1,0.06,0.1499673022,False,
T51_hm1,51,1,0.08,0.1499417821,False,
T51_hm1,51,1,0.1,0.1499089996,False,
T51_hm1,51,1,0.12,0.1498689444,False,
T51_hm1,51,1,0.14,0.1498216043,False,
T51_hm1,51,1,0.16,0.1497668364,False,
T51_hm1,51,1,0.18,0.14970473,False,
T51_hm1,51,1,0.2,0.1496352873,False,
T51_hm1,51,1,0.22,0.1495584865,False,
T51_hm1,51,1,0.24,0.1494742891,False,
T51_hm1,51,1,0.26,0.1493825453,False,
T51_hm1,51,1,0.28,0.1492833627,False,
T51_hm1,51,1,0.3,0.1491767097,False,
T51_hm1,51,1,0.32,0.1490625519,False,
T51_hm1,51,1,0.34,0.1489408008,False,
T51_hm1,51,1,0.36,0.1488113638,False,
T51_hm1,51,1,0.38,0.1486743014,False,
T51_hm1,51,1,0.4,0.1485295679,False,
T51_hm1,51,1,0.42,0.1483771151,False,
T51_hm1,51,1,0.44,0.1482167997,False,
T51_hm1,51,1,0.46,0.1480485882,False,
T51_hm1,51,1,0.48,0.1478724907,False,
T51_hm1,51,1,0.5,0.1476884455,False,
T51_hm1,51,1,0.52,0.1474963875,False,
T51_hm1,51,1,0.54,0.1472961128,False,
T51_hm1,51,1,0.56,0.1470876495,False,
T51_hm1,51,1,0.58,0.1468709523,False,
T51_hm1,51,1,0.6,0.1466459402,False,
T51_hm1,51,1,0.62,0.1464125196,False,
T51_hm1,51,1,0.64,0.1461704415,False,
T51_hm1,51,1,0.66,0.1459197749,False,
T51_hm1,51,1,0.68,0.14566042,False,
T51_hm1,51,1,0.7,0.1453922717,False,
T51_hm1,51,1,0.72,0.1451151666,False,
T51_hm1,51,1,0.74,0.1448289062,False,
T51_hm1,51,1,0.76,0.144533498,False,
T51_hm1,51,1,0.78,0.1442288126,False,
T51_hm1,51,1,0.8,0.143914714,False,
T51_hm1,51,1,0.82,0.1435909549,False,
T51_hm1,51,1,0.84,0.1432573891,False,
T51_hm1,51,1,0.86,0.1429139506,False,
T51_hm1,51,1,0.88,0.1425604711,False,
T51_hm1,51,1,0.9,0.1421967737,False,
T51_hm1,51,1,0.92,0.1418225061,False,
T51_hm1,51,1,0.94,0.1414375776,False,
T51_hm1,51,1,0.96,0.14104183,False,
T51_hm1,51,1,0.98,0.1406350426,False,
T51_hm1,51,1,1,0.1402169818,False,
T51_hm1,51,1,1.02,0.1397871595,False,
T51_hm1,51,1,1.04,0.1393455444,False,
T51_hm1,51,1,1.06,0.1388918579,False,
T51_hm1,51,1,1.08,0.1384258049,False,
T51_hm1,51,1,1.1,0.1379470082,False,
T51_hm1,51,1,1.12,0.1374549861,False,
T51_hm1,51,1,1.14,0.1369495807,False,
T51_hm1,51,1,1.16,0.1364304122,False,
T51_hm1,51,1,1.18,0.1358970755,False,
T51_hm1,51,1,1.2,0.135348991,False,
T51_hm1,51,1,1.22,0.1347856669,False,
T51_hm1,51,1,1.24,0.1342067618,False,
T51_hm1,51,1,1.26,0.1336117409,False,
T51_hm1,51,1,1.28,0.1330000294,False,
T51_hm1,51,1,1.3,0.1323707455,False,
T51_hm1,51,1,1.32,0.1317233549,False,
T51_hm1,51,1,1.34,0.131057233,False,
T51_hm1,51,1,1.36,0.1303715935,False,
T51_hm1,51,1,1.38,0.129665582,False,
T51_hm1,51,1,1.4,0.128937834,False,
T51_hm1,51,1,1.42,0.1281877046,False,
T51_hm1,51,1,1.44,0.1274140969,False,
T51_hm1,51,1,1.46,0.126615783,False,
T51_hm1,51,1,1.48,0.1257913027,False,
T51_hm1,51,1,1.5,0.1249387726,False,
T51_hm1,51,1,1.52,0.1240569558,False,
T51_hm1,51,1,1.54,0.12314399,False,
T51_hm1,51,1,1.56,0.12219779,False,
T51_hm1,51,1,1.58,0.1212156746,False,
T51_hm1,51,1,1.6,0.1201947956,False,
T51_hm1,51,1,1.62,0.1191325289,False,
T51_hm1,51,1,1.64,0.1180253901,False,
T51_hm1,51,1,1.66,0.1168693595,False,
T51_hm1,51,1,1.68,0.1156589603,False,
T51_hm1,51,1,1.7,0.1143889058,False,
T51_hm1,51,1,1.72,0.1130530028,False,
T51_hm1,51,1,1.74,0.1116433852,False,
T51_hm1,51,1,1.76,0.1101504976,False,
T51_hm1,51,1,1.78,0.1085605412,False,
T51_hm1,51,1,1.8,0.106859865,False,
T51_hm1,51,1,1.82,0.1050294338,False,
T51_hm1,51,1,1.84,0.1030439551,False,
T51_hm1,51,1,1.86,0.1008684207,False,
T51_hm1,51,1,1.88,0.09844944625,False,
T51_hm1,51,1,1.9,0.09571682985,False,
T51_hm1,51,1,1.92,0.09255300958,False,
T51_hm1,51,1,1.94,0.08875031297,False,
T51_hm1,51,1,1.96,0.08386315109,False,
T51_hm1,51,1,1.98,0.07656709122,False,
T51_hm1,51,1,2,0.05261870411,False,
T51.25_hm1,51.25,1,0,0.1499999993,False,
T51.25_hm1,51.25,1,0.02,0.149996377,False,
T51.25_hm1,51.25,1,0.04,0.1499855091,False,
T51.25_hm1,51.25,1,0.06,0.1499673003,False,
T51.25_hm1,51.25,1,0.08,0.1499417803,False,
T51.25_hm1,51.25,1,0.1,0.1499089978,False,
T51.25_hm1,51.25,1,0.12,0.1498689427,False,
T51.25_hm1,51.25,1,0.14,0.1498216026,False,
T51.25_hm1,51.25,1,0.16,0.1497668347,False,
T51.25_hm1,51.25,1,0.18,0.1497047284,False,
T51.25_hm1,51.25,1,0.2,0.1496352857,False,
T51.25_hm1,51.25,1,0.22,0.149558485,False,
T51.25_hm1,51.25,1,0.24,0.1494742877,False,
T51.25_hm1,51.25,1,0.26,0.149382544,False,
T51.25_hm1,51.25,1,0.28,0.1492833615,False,
T51.25_hm1,51.25,1,0.3,0.1491767085,False,
T51.25_hm1,51.25,1,0.32,0.1490625508,False,
T51.25_hm1,51.25,1,0.34,0.1489407998,False,
T51.25_hm1,51.25,1,0.36,0.148811363,False,
T51.25_hm1,51.25,1,0.38,0.1486743006,False,
T51.25_hm1,51.25,1,0.4,0.1485295673,False,
T51.25_hm1,51.25,1,0.42,0.1483771146,False,
T51.25_hm1,51.25,1,0.44,0.1482167994,False,
T51.25_hm1,51.25,1,0.46,0.148048588,False,
T51.25_hm1,51.25,1,0.48,0.1478724906,False,
T51.25_hm1,51.25,1,0.5,0.1476884456,False,
T51.25_hm1,51.25,1,0.52,0.1474963877,False,
T51.25_hm1,51.25,1,0.54,0.1472961133,False,
T51.25_hm1,51.25,1,0.56,0.1470876502,False,
T51.25_hm1,51.25,1,0.58,0.1468709531,False,
T51.25_hm1,51.25,1,0.6,0.1466459412,False,
T51.25_hm1,51.25,1,0.62,0.1464125208,False,
T51.25_hm1,51.25,1,0.64,0.1461704429,False,
T51.25_hm1,51.25,1,0.66,0.1459197765,False,
T51.25_hm1,51.25,1,0.68,0.1456604219,False,
T51.25_hm1,51.25,1,0.7,0.1453922738,False,
T51.25_hm1,51.25,1,0.72,0.1451151689,False,
T51.25_hm1,51.25,1,0.74,0.1448289087,False,
T51.25_hm1,51.25,1,0.76,0.1445335007,False,
T51.25_hm1,51.25,1,0.78,0.1442288156,False,
T51.25_hm1,51.25,1,0.8,0.1439147173,False,
T51.25_hm1,51.25,1,0.82,0.1435909584,False,
T51.25_hm1,51.25,1,0.84,0.143257393,False,
T51.25_hm1,51.25,1,0.86,0.1429139547,False,
T51.25_hm1,51.25,1,0.88,0.1425604756,False,
T51.25_hm1,51.25,1,0.9,0.1421967784,False,
T51.25_hm1,51.25,1,0.92,0.1418225111,False,
T51.25_hm1,51.25,1,0.94,0.141437583,False,
T51.25_hm1,51.25,1,0.96,0.1410418358,False,
T51.25_hm1,51.25,1,0.98,0.1406350487,False,
T51.25_hm1,51.25,1,1,0.1402169882,False,
T51.25_hm1,51.25,1,1.02,0.1397871664,False,
T51.25_hm1,51.25,1,1.04,0.1393455516,False,
T51.25_hm1,51.25,1,1.06,0.1388918656,False,
T51.25_hm1,51.25,1,1.08,0.138425813,False,
T51.25_hm1,51.25,1,1.1,0.1379470166,False,
T51.25_hm1,51.25,1,1.12,0.1374549951,False,
T51.25_hm1,51.25,1,1.14,0.1369495901,False,
T51.25_hm1,51.25,1,1.16,0.136430422,False,
T51.25_hm1,51.25,1,1.18,0.1358970858,False,
T51.25_hm1,51.25,1,1.2,0.1353490019,False,
T51.25_hm1,51.25,1,1.22,0.1347856783,False,
T51.25_hm1,51.25,1,1.24,0.1342067737,False,
T51.25_hm1,51.25,1,1.26,0.1336117534,False,
T51.25_hm1,51.25,1,1.28,0.1330000425,False,
T51.25_hm1,51.25,1,1.3,0.1323707593,False,
T51.25_hm1,51.25,1,1.32,0.1317233693,False,
T51.25_hm1,51.25,1,1.34,0.1310572482,False,
T51.25_hm1,51.25,1,1.36,0.1303716094,False,
T51.25_hm1,51.25,1,1.38,0.1296655986,False,
T51.25_hm1,51.25,1,1.4,0.1289378514,False,
T51.25_hm1,51.25,1,1.42,0.1281877229,False,
T51.25_hm1,51.25,1,1.44,0.1274141161,False,
T51.25_hm1,51.25,1,1.46,0.1266158032,False,
T51.25_hm1,51.25,1,1.48,0.1257913238,False,
T51.25_hm1,51.25,1,1.5,0.1249387949,False,
T51.25_hm1,51.25,1,1.52,0.1240569792,False,
T51.25_hm1,51.25,1,1.54,0.1231440146,False,
T51.25_hm1,51.25,1,1.56,0.1221978159,False,
T51.25_hm1,51.25,1,1.58,0.121215702,False,
T51.25_hm1,51.25,1,1.6,0.1201948246,False,
T51.25_hm1,51.25,1,1.62,0.1191325596,False,
T51.25_hm1,51.25,1,1.64,0.1180254227,False,
T51.25_hm1,51.25,1,1.66,0.1168693942,False,
T51.25_hm1,51.25,1,1.68,0.1156589973,False,
T51.25_hm1,51.25,1,1.7,0.1143889453,False,
T51.25_hm1,51.25,1,1.72,0.1130530453,False,
T51.25_hm1,51.25,1,1.74,0.1116434309,False,
T51.25_hm1,51.25,1,1.76,0.1101505471,False,
T51.25_hm1,51.25,1,1.78,0.1085605951,False,
T51.25_hm1,51.25,1,1.8,0.1068599241,False,
T51.25_hm1,51.25,1,1.82,0.105029499,False,
T51.25_hm1,51.25,1,1.84,0.1030440279,False,
T51.25_hm1,51.25,1,1.86,0.1008685028,False,
T51.25_hm1,51.25,1,1.88,0.09844954053,False,
T51.25_hm1,51.25,1,1.9,0.0957169405,False,
T51.25_hm1,51.25,1,1.92,0.09255314362,False,
T51.25_hm1,51.25,1,1.94,0.08875048358,False,
T51.25_hm1,51.25,1,1.96,0.08386338896,False,
T51.25_hm1,51.25,1,1.98,0.07656751074,False,
T51.25_hm1,51.25,1,2,0.05264407378,False,
T51.5_hm1,51.5,1,0,0.1500000009,False,
T51.5_hm1,51.5,1,0.02,0.1499963787,False,
T51.5_hm1,51.5,1,0.04,0.1499855108,False,
T51.5_hm1,51.5,1,0.06,0.149967302,False,
T51.5_hm1,51.5,1,0.08,0.1499417821,False,
T51.5_hm1,51.5,1,0.1,0.1499089996,False,
T51.5_hm1,51.5,1,0.12,0.1498689445,False,
T51.5_hm1,51.5,1,0.14,0.1498216044,False,
T51.5_hm1,51.5,1,0.16,0.1497668366,False,
T51.5_hm1,51.5,1,0.18,0.1497047304,False,
T51.5_hm1,51.5,1,0.2,0.1496352877,False,
T51.5_hm1,51.5,1,0.22,0.1495584871,False,
T51.5_hm1,51.5,1,0.24,0.1494742898,False,
T51.5_hm1,51.5,1,0.26,0.1493825462,False,
T51.5_hm1,51.5,1,0.28,0.1492833638,False,
T51.5_hm1,51.5,1,0.3,0.1491767109,False,
T51.5_hm1,51.5,1,0.32,0.1490625533,False,
T51.5_hm1,51.5,1,0.34,0.1489408024,False,
T51.5_hm1,51.5,1,0.36,0.1488113657,False,
T51.5_hm1,51.5,1,0.38,0.1486743035,False,
T51.5_hm1,51.5,1,0.4,0.1485295703,False,
T51.5_hm1,51.5,1,0.42,0.1483771177,False,
T51.5_hm1,51.5,1,0.44,0.1482168026,False,
T51.5_hm1,51.5,1,0.46,0.1480485914,False,
T51.5_hm1,51.5,1,0.48,0.1478724942,False,
T51.5_hm1,51.5,1,0.5,0.1476884493,False,
T51.5_hm1,51.5,1,0.52,0.1474963916,False,
T51.5_hm1,51.5,1,0.54,0.1472961173,False,
T51.5_hm1,51.5,1,0.56,0.1470876544,False,
T51.5_hm1,51.5,1,0.58,0.1468709576,False,
T51.5_hm1,51.5,1,0.6,0.1466459458,False,
T51.5_hm1,51.5,1,0.62,0.1464125256,False,
T51.5_hm1,51.5,1,0.64,0.146170448,False,
T51.5_hm1,51.5,1,0.66,0.1459197818,False,
T51.5_hm1,51.5,1,0.68,0.1456604274,False,
T51.5_hm1,51.5,1,0.7,0.1453922795,False,
T51.5_hm1,51.5,1,0.72,0.1451151749,False,
T51.5_hm1,51.5,1,0.74,0.144828915,False,
T51.5_hm1,51.5,1,0.76,0.1445335072,False,
T51.5_hm1,51.5,1,0.78,0.1442288223,False,
T51.5_hm1,51.5,1,0.8,0.1439147243,False,
T51.5_hm1,51.5,1,0.82,0.1435909658,False,
T51.5_hm1,51.5,1,0.84,0.1432574006,False,
T51.5_hm1,51.5,1,0.86,0.1429139626,False,
T51.5_hm1,51.5,1,0.88,0.1425604838,False,
T51.5_hm1,51.5,1,0.9,0.142196787,False,
T51.5_hm1,51.5,1,0.92,0.14182252,False,
T51.5_hm1,51.5,1,0.94,0.1414375922,False,
T51.5_hm1,51.5,1,0.96,0.1410418454,False,
T51.5_hm1,51.5,1,0.98,0.1406350587,False,
T51.5_hm1,51.5,1,1,0.1402169986,False,
T51.5_hm1,51.5,1,1.02,0.1397871771,False,
T51.5_hm1,51.5,1,1.04,0.1393455627,False,
T51.5_hm1,51.5,1,1.06,0.1388918771,False,
T51.5_hm1,51.5,1,1.08,0.1384258249,False,
T51.5_hm1,51.5,1,1.1,0.137947029,False,
T51.5_hm1,51.5,1,1.12,0.1374550079,False,
T51.5_hm1,51.5,1,1.14,0.1369496034,False,
T51.5_hm1,51.5,1,1.16,0.1364304359,False,
T51.5_hm1,51.5,1,1.18,0.1358971002,False,
T51.5_hm1,51.5,1,1.2,0.1353490168,False,
T51.5_hm1,51.5,1,1.22,0.1347856937,False,
T51.5_hm1,51.5,1,1.24,0.1342067897,False,
T51.5_hm1,51.5,1,1.26,0.13361177,False,
T51.5_hm1,51.5,1,1.28,0.1330000598,False,
T51.5_hm1,51.5,1,1.3,0.1323707772,False,
T51.5_hm1,51.5,1,1.32,0.1317233879,False,
T51.5_hm1,51.5,1,1.34,0.1310572674,False,
T51.5_hm1,51.5,1,1.36,0.1303716294,False,
T51.5_hm1,51.5,1,1.38,0.1296656195,False,
T51.5_hm1,51.5,1,1.4,0.1289378731,False,
T51.5_hm1,51.5,1,1.42,0.1281877454,False,
T51.5_hm1,51.5,1,1.44,0.1274141395,False,
T51.5_hm1,51.5,1,1.46,0.1266158276,False,
T51.5_hm1,51.5,1,1.48,0.1257913493,False,
T51.5_hm1,51.5,1,1.5,0.1249388215,False,
T51.5_hm1,51.5,1,1.52,0.124057007,False,
T51.5_hm1,51.5,1,1.54,0.1231440437,False,
T51.5_hm1,51.5,1,1.56,0.1221978464,False,
T51.5_hm1,51.5,1,1.58,0.1212157339,False,
T51.5_hm1,51.5,1,1.6,0.1201948582,False,
T51.5_hm1,51.5,1,1.62,0.1191325949,False,
T51.5_hm1,51.5,1,1.64,0.11802546,False,
T51.5_hm1,51.5,1,1.66,0.1168694336,False,
T51.5_hm1,51.5,1,1.68,0.1156590391,False,
T51.5_hm1,51.5,1,1.7,0.1143889898,False,
T51.5_hm1,51.5,1,1.72,0.1130530927,False,
T51.5_hm1,51.5,1,1.74,0.1116434817,False,
T51.5_hm1,51.5,1,1.76,0.1101506018,False,
T51.5_hm1,51.5,1,1.78,0.1085606544,False,
T51.5_hm1,51.5,1,1.8,0.1068599886,False,
T51.5_hm1,51.5,1,1.82,0.1050295699,False,
T51.5_hm1,51.5,1,1.84,0.1030441065,False,
T51.5_hm1,51.5,1,1.86,0.1008685911,False,
T51.5_hm1,51.5,1,1.88,0.09844964137,False,
T51.5_hm1,51.5,1,1.9,0.09571705823,False,
T51.5_hm1,51.5,1,1.92,0.09255328548,False,
T51.5_hm1,51.5,1,1.94,0.0887506632,False,
T51.5_hm1,51.5,1,1.96,0.08386363807,False,
T51.5_hm1,51.5,1,1.98,0.07656794767,False,
T51.5_hm1,51.5,1,2,0.05266963775,False,
T51.75_hm1,51.75,1,0,0.1499999994,False,
T51.75_hm1,51.75,1,0.02,0.1499963771,False,
T51.75_hm1,51.75,1,0.04,0.1499855093,False,
T51.75_hm1,51.75,1,0.06,0.1499673005,False,
T51.75_hm1,51.75,1,0.08,0.1499417806,False,
T51.75_hm1,51.75,1,0.1,0.1499089981,False,
T51.75_hm1,51.75,1,0.12,0.149868943,False,
T51.75_hm1,51.75,1,0.14,0.1498216031,False,
T51.75_hm1,51.75,1,0.16,0.1497668353,False,
T51.75_hm1,51.75,1,0.18,0.1497047291,False,
T51.75_hm1,51.75,1,0.2,0.1496352866,False,
T51.75_hm1,51.75,1,0.22,0.149558486,False,
T51.75_hm1,51.75,1,0.24,0.1494742888,False,
T51.75_hm1,51.75,1,0.26,0.1493825453,False,
T51.75_hm1,51.75,1,0.28,0.149283363,False,
T51.75_hm1,51.75,1,0.3,0.1491767102,False,
T51.75_hm1,51.75,1,0.32,0.1490625527,False,
T51.75_hm1,51.75,1,0.34,0.1489408019,False,
T51.75_hm1,51.75,1,0.36,0.1488113653,False,
T51.75_hm1,51.75,1,0.38,0.1486743033,False,
T51.75_hm1,51.75,1,0.4,0.1485295702,False,
T51.75_hm1,51.75,1,0.42,0.1483771178,False,
T51.75_hm1,51.75,1,0.44,0.1482168028,False,
T51.75_hm1,51.75,1,0.46,0.1480485918,False,
T51.75_hm1,51.75,1,0.48,0.1478724948,False,
T51.75_hm1,51.75,1,0.5,0.1476884501,False,
T51.75_hm1,51.75,1,0.52,0.1474963926,False,
T51.75_hm1,51.75,1,0.54,0.1472961185,False,
T51.75_hm1,51.75,1,0.56,0.1470876558,False,
T51.75_hm1,51.75,1,0.58,0.1468709591,False,
T51.75_hm1,51.75,1,0.6,0.1466459476,False,
T51.75_hm1,51.75,1,0.62,0.1464125277,False,
T51.75_hm1,51.75,1,0.64,0.1461704502,False,
T51.75_hm1,51.75,1,0.66,0.1459197843,False,
T51.75_hm1,51.75,1,0.68,0.1456604301,False,
T51.75_hm1,51.75,1,0.7,0.1453922825,False,
T51.75_hm1,51.75,1,0.72,0.1451151782,False,
T51.75_hm1,51.75,1,0.74,0.1448289186,False,
T51.75_hm1,51.75,1,0.76,0.1445335111,False,
T51.75_hm1,51.75,1,0.78,0.1442288265,False,
T51.75_hm1,51.75,1,0.8,0.1439147288,False,
T51.75_hm1,51.75,1,0.82,0.1435909706,False,
T51.75_hm1,51.75,1,0.84,0.1432574058,False,
T51.75_hm1,51.75,1,0.86,0.1429139681,False,
T51.75_hm1,51.75,1,0.88,0.1425604897,False,
T51.75_hm1,51.75,1,0.9,0.1421967932,False,
T51.75_hm1,51.75,1,0.92,0.1418225266,False,
T51.75_hm1,51.75,1,0.94,0.1414375992,False,
T51.75_hm1,51.75,1,0.96,0.1410418527,False,
T51.75_hm1,51.75,1,0.98,0.1406350664,False,
T51.75_hm1,51.75,1,1,0.1402170068,False,
T51.75_hm1,51.75,1,1.02,0.1397871857,False,
T51.75_hm1,51.75,1,1.04,0.1393455718,False,
T51.75_hm1,51.75,1,1.06,0.1388918867,False,
T51.75_hm1,51.75,1,1.08,0.138425835,False,
T51.75_hm1,51.75,1,1.1,0.1379470396,False,
T51.75_hm1,51.75,1,1.12,0.137455019,False,
T51.75_hm1,51.75,1,1.14,0.136949615,False,
T51.75_hm1,51.75,1,1.16,0.136430448,False,
T51.75_hm1,51.75,1,1.18,0.1358971129,False,
T51.75_hm1,51.75,1,1.2,0.13534903,False,
T51.75_hm1,51.75,1,1.22,0.1347857076,False,
T51.75_hm1,51.75,1,1.24,0.1342068043,False,
T51.75_hm1,51.75,1,1.26,0.1336117853,False,
T51.75_hm1,51.75,1,1.28,0.1330000757,False,
T51.75_hm1,51.75,1,1.3,0.1323707938,False,
T51.75_hm1,51.75,1,1.32,0.1317234052,False,
T51.75_hm1,51.75,1,1.34,0.1310572856,False,
T51.75_hm1,51.75,1,1.36,0.1303716484,False,
T51.75_hm1,51.75,1,1.38,0.1296656393,False,
T51.75_hm1,51.75,1,1.4,0.1289378938,False,
T51.75_hm1,51.75,1,1.42,0.1281877671,False,
T51.75_hm1,51.75,1,1.44,0.1274141623,False,
T51.75_hm1,51.75,1,1.46,0.1266158514,False,
T51.75_hm1,51.75,1,1.48,0.1257913742,False,
T51.75_hm1,51.75,1,1.5,0.1249388476,False,
T51.75_hm1,51.75,1,1.52,0.1240570344,False,
T51.75_hm1,51.75,1,1.54,0.1231440725,False,
T51.75_hm1,51.75,1,1.56,0.1221978767,False,
T51.75_hm1,51.75,1,1.58,0.1212157658,False,
T51.75_hm1,51.75,1,1.6,0.1201948918,False,
T51.75_hm1,51.75,1,1.62,0.1191326305,False,
T51.75_hm1,51.75,1,1.64,0.1180254976,False,
T51.75_hm1,51.75,1,1.66,0.1168694735,False,
T51.75_hm1,51.75,1,1.68,0.1156590815,False,
T51.75_hm1,51.75,1,1.7,0.114389035,False,
T51.75_hm1,51.75,1,1.72,0.1130531411,False,
T51.75_hm1,51.75,1,1.74,0.1116435337,False,
T51.75_hm1,51.75,1,1.76,0.1101506578,False,
T51.75_hm1,51.75,1,1.78,0.1085607151,False,
T51.75_hm1,51.75,1,1.8,0.106860055,False,
T51.75_hm1,51.75,1,1.82,0.1050296429,False,
T51.75_hm1,51.75,1,1.84,0.1030441876,False,
T51.75_hm1,51.75,1,1.86,0.1008686823,False,
T51.75_hm1,51.75,1,1.88,0.09844974565,False,
T51.75_hm1,51.75,1,1.9,0.09571718008,False,
T51.75_hm1,51.75,1,1.92,0.09255343241,False,
T51.75_hm1,51.75,1,1.94,0.0887508493,False,
T51.75_hm1,51.75,1,1.96,0.0838638962,False,
T51.75_hm1,51.75,1,1.98,0.07656840028,False,
T51.75_hm1,51.75,1,2,0.05269539662,False,
T52_hm1,52,1,0,0.1500000007,True,fastest+most_uniform+compromise
T52_hm1,52,1,0.02,0.1499963785,True,fastest+most_uniform+compromise
T52_hm1,52,1,0.04,0.1499855106,True,fastest+most_uniform+compromise
T52_hm1,52,1,0.06,0.1499673019,True,fastest+most_uniform+compromise
T52_hm1,52,1,0.08,0.149941782,True,fastest+most_uniform+compromise
T52_hm1,52,1,0.1,0.1499089995,True,fastest+most_uniform+compromise
T52_hm1,52,1,0.12,0.1498689445,True,fastest+most_uniform+compromise
T52_hm1,52,1,0.14,0.1498216046,True,fastest+most_uniform+compromise
T52_hm1,52,1,0.16,0.1497668369,True,fastest+most_uniform+compromise
T52_hm1,52,1,0.18,0.1497047308,True,fastest+most_uniform+compromise
T52_hm1,52,1,0.2,0.1496352883,True,fastest+most_uniform+compromise
T52_hm1,52,1,0.22,0.1495584878,True,fastest+most_uniform+compromise
T52_hm1,52,1,0.24,0.1494742907,True,fastest+most_uniform+compromise
T52_hm1,52,1,0.26,0.1493825473,True,fastest+most_uniform+compromise
T52_hm1,52,1,0.28,0.1492833651,True,fastest+most_uniform+compromise
T52_hm1,52,1,0.3,0.1491767124,True,fastest+most_uniform+compromise
T52_hm1,52,1,0.32,0.1490625551,True,fastest+most_uniform+compromise
T52_hm1,52,1,0.34,0.1489408044,True,fastest+most_uniform+compromise
T52_hm1,52,1,0.36,0.1488113679,True,fastest+most_uniform+compromise
T52_hm1,52,1,0.38,0.148674306,True,fastest+most_uniform+compromise
T52_hm1,52,1,0.4,0.1485295731,True,fastest+most_uniform+compromise
T52_hm1,52,1,0.42,0.1483771208,True,fastest+most_uniform+compromise
T52_hm1,52,1,0.44,0.1482168061,True,fastest+most_uniform+compromise
T52_hm1,52,1,0.46,0.1480485952,True,fastest+most_uniform+compromise
T52_hm1,52,1,0.48,0.1478724983,True,fastest+most_uniform+compromise
T52_hm1,52,1,0.5,0.1476884538,True,fastest+most_uniform+compromise
T52_hm1,52,1,0.52,0.1474963965,True,fastest+most_uniform+compromise
T52_hm1,52,1,0.54,0.1472961226,True,fastest+most_uniform+compromise
T52_hm1,52,1,0.56,0.1470876601,True,fastest+most_uniform+compromise
T52_hm1,52,1,0.58,0.1468709637,True,fastest+most_uniform+compromise
T52_hm1,52,1,0.6,0.1466459525,True,fastest+most_uniform+compromise
T52_hm1,52,1,0.62,0.1464125327,True,fastest+most_uniform+compromise
T52_hm1,52,1,0.64,0.1461704556,True,fastest+most_uniform+compromise
T52_hm1,52,1,0.66,0.1459197899,True,fastest+most_uniform+compromise
T52_hm1,52,1,0.68,0.145660436,True,fastest+most_uniform+compromise
T52_hm1,52,1,0.7,0.1453922887,True,fastest+most_uniform+compromise
T52_hm1,52,1,0.72,0.1451151846,True,fastest+most_uniform+compromise
T52_hm1,52,1,0.74,0.1448289253,True,fastest+most_uniform+compromise
T52_hm1,52,1,0.76,0.1445335181,True,fastest+most_uniform+compromise
T52_hm1,52,1,0.78,0.1442288339,True,fastest+most_uniform+compromise
T52_hm1,52,1,0.8,0.1439147365,True,fastest+most_uniform+compromise
T52_hm1,52,1,0.82,0.1435909786,True,fastest+most_uniform+compromise
T52_hm1,52,1,0.84,0.1432574141,True,fastest+most_uniform+compromise
T52_hm1,52,1,0.86,0.1429139768,True,fastest+most_uniform+compromise
T52_hm1,52,1,0.88,0.1425604987,True,fastest+most_uniform+compromise
T52_hm1,52,1,0.9,0.1421968027,True,fastest+most_uniform+compromise
T52_hm1,52,1,0.92,0.1418225365,True,fastest+most_uniform+compromise
T52_hm1,52,1,0.94,0.1414376094,True,fastest+most_uniform+compromise
T52_hm1,52,1,0.96,0.1410418634,True,fastest+most_uniform+compromise
T52_hm1,52,1,0.98,0.1406350775,True,fastest+most_uniform+compromise
T52_hm1,52,1,1,0.1402170183,True,fastest+most_uniform+compromise
T52_hm1,52,1,1.02,0.1397871977,True,fastest+most_uniform+compromise
T52_hm1,52,1,1.04,0.1393455842,True,fastest+most_uniform+compromise
T52_hm1,52,1,1.06,0.1388918996,True,fastest+most_uniform+compromise
T52_hm1,52,1,1.08,0.1384258484,True,fastest+most_uniform+compromise
T52_hm1,52,1,1.1,0.1379470535,True,fastest+most_uniform+compromise
T52_hm1,52,1,1.12,0.1374550335,True,fastest+most_uniform+compromise
T52_hm1,52,1,1.14,0.13694963,True,fastest+most_uniform+compromise
T52_hm1,52,1,1.16,0.1364304636,True,fastest+most_uniform+compromise
T52_hm1,52,1,1.18,0.1358971291,True,fastest+most_uniform+compromise
T52_hm1,52,1,1.2,0.1353490469,True,fastest+most_uniform+compromise
T52_hm1,52,1,1.22,0.1347857251,True,fastest+most_uniform+compromise
T52_hm1,52,1,1.24,0.1342068224,True,fastest+most_uniform+compromise
T52_hm1,52,1,1.26,0.1336118041,True,fastest+most_uniform+compromise
T52_hm1,52,1,1.28,0.1330000952,True,fastest+most_uniform+compromise
T52_hm1,52,1,1.3,0.1323708141,True,fastest+most_uniform+compromise
T52_hm1,52,1,1.32,0.1317234263,True,fastest+most_uniform+compromise
T52_hm1,52,1,1.34,0.1310573075,True,fastest+most_uniform+compromise
T52_hm1,52,1,1.36,0.1303716711,True,fastest+most_uniform+compromise
T52_hm1,52,1,1.38,0.1296656629,True,fastest+most_uniform+compromise
T52_hm1,52,1,1.4,0.1289379184,True,fastest+most_uniform+compromise
T52_hm1,52,1,1.42,0.1281877927,True,fastest+most_uniform+compromise
T52_hm1,52,1,1.44,0.1274141888,True,fastest+most_uniform+compromise
T52_hm1,52,1,1.46,0.1266158791,True,fastest+most_uniform+compromise
T52_hm1,52,1,1.48,0.1257914031,True,fastest+most_uniform+compromise
T52_hm1,52,1,1.5,0.1249388777,True,fastest+most_uniform+compromise
T52_hm1,52,1,1.52,0.1240570659,True,fastest+most_uniform+compromise
T52_hm1,52,1,1.54,0.1231441054,True,fastest+most_uniform+compromise
T52_hm1,52,1,1.56,0.1221979111,True,fastest+most_uniform+compromise
T52_hm1,52,1,1.58,0.1212158019,True,fastest+most_uniform+compromise
T52_hm1,52,1,1.6,0.1201949297,True,fastest+most_uniform+compromise
T52_hm1,52,1,1.62,0.1191326703,True,fastest+most_uniform+compromise
T52_hm1,52,1,1.64,0.1180255396,True,fastest+most_uniform+compromise
T52_hm1,52,1,1.66,0.1168695178,True,fastest+most_uniform+compromise
T52_hm1,52,1,1.68,0.1156591284,True,fastest+most_uniform+compromise
T52_hm1,52,1,1.7,0.1143890848,True,fastest+most_uniform+compromise
T52_hm1,52,1,1.72,0.1130531942,True,fastest+most_uniform+compromise
T52_hm1,52,1,1.74,0.1116435905,True,fastest+most_uniform+compromise
T52_hm1,52,1,1.76,0.1101507188,True,fastest+most_uniform+compromise
T52_hm1,52,1,1.78,0.108560781,True,fastest+most_uniform+compromise
T52_hm1,52,1,1.8,0.1068601267,True,fastest+most_uniform+compromise
T52_hm1,52,1,1.82,0.1050297214,True,fastest+most_uniform+compromise
T52_hm1,52,1,1.84,0.1030442745,True,fastest+most_uniform+compromise
T52_hm1,52,1,1.86,0.1008687796,True,fastest+most_uniform+compromise
T52_hm1,52,1,1.88,0.09844985639,True,fastest+most_uniform+compromise
T52_hm1,52,1,1.9,0.09571730894,True,fastest+most_uniform+compromise
T52_hm1,52,1,1.92,0.09255358715,True,fastest+most_uniform+compromise
T52_hm1,52,1,1.94,0.08875104447,True,fastest+most_uniform+compromise
T52_hm1,52,1,1.96,0.08386416575,True,fastest+most_uniform+compromise
T52_hm1,52,1,1.98,0.07656887076,True,fastest+most_uniform+compromise
T52_hm1,52,1,2,0.05272135206,True,fastest+most_uniform+compromise
